stress,energy,sleep,workload,activeMinutes,idleMinutes,sessionDuration,activityCount,riskScore,futureRiskScore,futureProductivity,burnoutRisk
87,21,5,89,47,31,12,984,98,100,0,Critical
87,49,6,55,436,7,10,684,61,68,39,High
20,11,5,68,455,172,1,674,52,42,30,Moderate
100,7,10,86,241,122,12,242,81,100,0,Critical
64,29,6,100,46,182,12,134,96,100,0,Critical
40,17,9,60,480,222,4,587,44,29,29,Moderate
38,36,6,33,316,157,2,769,46,50,28,Moderate
71,93,9,12,462,138,8,883,28,33,59,Low
49,7,7,14,488,54,9,192,43,45,30,Moderate
81,29,4,92,164,96,6,958,91,100,6,Critical
5,66,8,10,446,242,9,474,24,12,55,Low
95,89,3,78,198,65,3,580,77,89,34,High
60,21,3,92,410,284,10,238,95,100,19,Critical
48,10,10,17,392,201,10,146,43,33,18,Moderate
96,92,6,44,20,31,9,507,69,82,23,High
2,83,7,68,379,288,12,350,47,37,56,Moderate
29,87,9,16,7,209,7,28,38,35,26,Low
98,16,5,95,249,286,5,126,100,100,0,Critical
66,61,3,28,156,109,8,503,71,68,22,High
57,9,9,54,352,17,10,664,52,54,20,Moderate
92,94,7,27,342,273,2,919,50,57,40,Moderate
8,10,7,28,299,264,3,28,44,50,16,Moderate
89,5,5,80,121,75,6,417,92,100,0,Critical
50,52,8,53,62,209,2,977,56,46,10,Moderate
78,22,9,41,67,167,8,225,69,75,0,High
22,29,8,40,280,2,4,196,32,38,31,Low
37,64,8,11,111,153,3,60,36,34,24,Low
40,81,7,95,133,257,8,680,69,73,29,High
54,97,7,64,0,129,11,866,64,54,28,High
49,35,8,65,190,218,2,343,58,52,12,Moderate
74,81,8,72,183,223,2,77,58,56,27,Moderate
79,9,4,65,436,65,12,341,82,86,21,Critical
95,13,6,88,477,274,12,437,93,100,14,Critical
95,67,9,97,45,153,11,97,82,100,9,Critical
57,6,9,27,436,262,9,884,53,53,16,Moderate
86,99,7,84,83,209,10,283,78,90,26,High
69,23,8,88,387,218,12,173,76,75,19,High
85,7,6,13,460,106,6,628,57,58,19,Moderate
35,67,10,98,24,21,2,276,44,44,24,Moderate
38,33,4,2,398,256,10,678,58,60,29,Moderate
29,17,8,15,440,213,6,462,37,27,29,Low
86,5,3,68,193,11,11,62,96,100,0,Critical
4,4,10,94,281,134,1,74,41,58,18,Moderate
59,0,5,5,325,282,6,922,67,79,3,High
77,72,7,48,247,235,9,186,65,74,27,High
61,22,10,37,495,192,8,576,43,50,30,Moderate
34,61,7,1,62,174,10,191,48,49,19,Moderate
31,26,10,38,485,232,1,256,27,22,35,Low
3,93,6,33,356,274,12,473,40,35,59,Moderate
22,85,3,61,232,253,7,108,65,81,42,High
88,14,9,83,294,205,6,390,74,89,4,High
59,88,3,58,241,46,11,615,68,86,45,High
36,4,6,49,23,186,1,611,68,60,0,High
75,63,7,38,434,244,6,176,53,47,38,Moderate
35,58,4,33,71,164,3,309,60,59,18,High
21,39,7,78,63,65,11,207,64,63,16,High
44,96,10,91,431,227,11,36,44,47,60,Moderate
78,82,3,94,208,59,1,435,74,92,36,High
36,77,9,39,172,205,5,124,39,46,33,Low
77,30,7,33,216,217,12,582,74,77,7,High
59,8,6,36,416,296,11,605,72,69,13,High
28,25,5,51,326,171,12,971,66,68,25,High
52,23,10,32,342,8,11,633,39,50,27,Low
5,79,3,27,373,279,6,506,47,38,53,Moderate
16,3,9,30,332,61,12,367,40,31,22,Moderate
4,42,5,36,297,220,4,720,46,40,33,Moderate
42,95,4,52,253,101,11,228,59,72,51,Moderate
61,13,8,53,483,93,11,338,55,60,29,Moderate
53,80,6,5,348,83,10,358,39,38,50,Low
27,28,6,16,359,129,11,431,48,42,31,Moderate
89,43,5,62,180,124,5,461,79,78,11,High
63,76,5,8,28,30,4,747,51,45,23,Moderate
46,77,7,24,8,24,7,795,46,41,25,Moderate
89,50,9,39,230,166,7,872,58,56,16,Moderate
39,31,9,21,212,72,6,867,37,41,20,Low
52,88,6,5,452,138,12,651,38,23,60,Low
15,94,8,98,353,258,7,47,45,57,57,Moderate
3,59,7,62,435,164,1,567,29,21,54,Low
6,20,4,73,141,149,4,636,67,85,13,High
42,57,3,100,456,35,2,19,60,66,52,High
16,8,6,40,186,76,11,910,59,58,12,Moderate
60,84,6,96,131,168,7,149,73,76,30,High
75,26,10,89,345,179,1,946,56,68,17,Moderate
53,55,3,49,74,300,9,752,88,89,8,Critical
35,24,8,45,363,59,3,35,37,33,30,Low
41,84,10,25,234,151,9,246,31,25,42,Low
10,28,7,13,498,110,5,341,24,27,46,Low
10,71,10,64,442,192,3,757,20,6,58,Low
75,32,8,27,437,61,12,786,51,46,32,Moderate
87,58,6,68,426,263,3,240,67,82,32,High
77,1,9,58,387,46,4,704,53,49,14,Moderate
36,100,8,48,359,114,1,177,23,22,62,Low
8,11,5,12,301,130,11,228,51,58,22,Moderate
9,97,6,53,185,274,6,397,46,54,46,Moderate
73,24,8,82,364,116,8,471,66,61,21,High
79,0,6,17,108,43,4,829,67,65,0,High
41,15,7,21,449,213,3,116,43,36,26,Moderate
35,56,3,58,134,289,4,401,76,72,17,High
1,47,4,97,257,299,7,595,72,81,30,High
86,48,3,25,285,248,7,239,80,100,17,Critical
100,20,6,68,221,99,4,727,80,90,3,Critical
19,23,3,35,96,91,7,263,67,74,11,High
17,8,5,56,468,246,11,579,64,67,28,High
81,28,6,49,319,296,4,625,74,90,10,High
73,32,8,15,42,112,6,949,58,48,0,Moderate
4,87,7,8,480,50,5,974,7,0,75,Low
19,2,9,92,204,76,9,266,59,68,10,Moderate
65,80,6,4,491,204,6,199,38,41,54,Low
19,99,7,92,374,41,1,318,29,23,69,Low
97,4,7,63,444,90,1,577,64,59,14,High
78,98,6,81,314,300,12,770,77,85,42,High
61,23,6,97,148,270,3,873,85,98,0,Critical
20,17,5,9,92,52,12,2,58,63,9,Moderate
9,25,3,40,307,6,11,605,57,62,34,Moderate
97,66,7,10,66,233,1,509,61,74,6,High
72,86,7,92,102,138,11,319,75,95,27,High
38,4,7,100,481,157,10,285,68,76,26,High
99,77,3,37,488,205,10,961,74,86,46,High
67,4,6,97,159,191,7,192,91,99,0,Critical
24,40,6,70,215,71,4,813,52,54,28,Moderate
21,15,5,44,1,119,2,799,63,65,0,High
77,99,9,71,340,297,3,890,50,45,44,Moderate
39,12,4,1,448,250,12,785,63,73,23,High
65,96,7,39,137,12,10,815,49,56,41,Moderate
32,39,4,36,151,31,8,489,60,66,22,High
12,11,4,47,71,101,3,299,63,74,4,High
13,19,9,77,0,300,11,249,72,62,0,High
96,89,9,77,124,234,12,798,75,88,21,High
55,38,3,2,437,164,4,267,53,52,34,Moderate
58,83,9,29,75,255,4,357,47,40,22,Moderate
77,50,10,68,12,93,3,500,58,65,4,Moderate
7,11,7,38,19,277,3,44,58,49,0,Moderate
36,33,4,64,287,74,3,677,60,67,28,High
23,2,9,64,330,143,2,654,43,42,17,Moderate
65,90,5,30,7,149,8,344,66,56,22,High
71,6,10,51,19,12,8,229,62,72,0,High
53,28,6,51,183,135,10,705,70,80,11,High
78,95,4,40,85,287,9,758,80,96,22,Critical
34,36,6,19,140,73,5,375,48,58,18,Moderate
32,23,3,82,45,238,12,369,98,100,0,Critical
15,39,9,41,313,266,6,960,39,38,29,Low
86,54,5,9,485,176,8,683,56,71,39,Moderate
67,2,9,30,260,216,6,108,59,59,0,Moderate
43,82,8,77,10,42,9,51,56,65,27,Moderate
58,41,4,7,294,216,3,63,58,70,22,Moderate
11,56,6,39,302,11,4,916,31,38,47,Low
40,95,7,69,73,177,1,560,49,46,34,Moderate
84,98,10,32,348,112,5,923,31,37,51,Low
18,71,3,15,229,226,8,53,55,60,38,Moderate
31,21,9,59,178,36,8,778,48,46,16,Moderate
46,26,10,21,333,24,9,359,33,38,28,Low
80,100,7,17,200,37,12,309,48,58,44,Moderate
73,87,8,12,111,240,1,797,44,42,24,Moderate
18,99,5,14,83,57,7,879,37,28,45,Low
2,98,10,70,266,51,4,972,15,8,63,Low
46,67,8,80,2,31,3,150,53,54,20,Moderate
46,9,8,96,210,8,8,755,66,69,11,High
59,11,7,15,459,168,10,511,53,54,23,Moderate
29,83,9,23,170,252,7,459,36,43,35,Low
78,88,7,88,275,81,9,998,64,74,43,High
92,56,8,90,113,85,5,471,73,90,12,High
72,91,6,30,60,271,7,132,66,76,21,High
99,5,7,47,468,102,4,628,64,69,16,High
30,74,4,45,127,199,4,799,59,65,30,Moderate
38,11,3,22,332,118,11,557,69,70,19,High
75,15,9,66,226,186,9,42,71,69,2,High
76,60,9,100,175,114,6,185,66,85,21,High
0,26,10,32,5,211,7,67,42,43,4,Moderate
24,87,10,88,491,261,7,696,34,36,63,Low
49,40,7,59,185,15,11,682,60,66,22,High
6,49,3,95,27,118,5,429,75,89,18,High
49,46,5,98,314,78,1,828,63,82,33,High
88,32,6,57,362,146,7,360,71,68,20,High
44,44,3,58,353,31,6,349,62,57,38,High
11,65,10,58,356,212,2,280,24,24,47,Low
27,61,8,75,276,295,12,240,61,72,32,High
22,36,10,83,14,261,12,748,67,75,2,High
52,28,3,29,434,82,9,840,63,64,34,High
92,33,5,3,385,73,6,673,57,66,24,Moderate
75,41,8,80,53,75,4,648,69,59,5,High
85,91,8,10,38,97,7,250,50,68,23,Moderate
96,43,9,100,456,82,1,622,56,70,33,Moderate
52,88,7,11,99,186,6,53,45,39,30,Moderate
18,44,10,38,302,206,3,520,28,39,32,Low
97,18,7,67,413,178,9,363,77,90,15,High
32,96,4,73,41,153,5,901,65,83,34,High
66,88,7,47,251,143,5,983,49,45,41,Moderate
32,8,4,52,425,268,7,465,70,80,20,High
25,57,10,19,164,218,10,386,37,34,25,Low
39,51,4,91,361,9,9,509,65,71,44,High
97,100,8,17,93,242,3,79,53,60,23,Moderate
60,13,7,97,411,159,12,67,78,81,20,High
14,100,9,89,190,21,7,2,32,32,57,Low
18,6,3,80,280,263,7,788,83,87,11,Critical
24,9,8,62,165,290,1,249,58,58,1,Moderate
35,54,8,49,125,60,2,49,40,39,25,Moderate
39,36,3,45,348,8,11,206,63,79,36,High
1,48,8,54,379,137,9,702,35,31,46,Low
21,34,6,15,441,177,5,10,36,37,39,Low
45,18,10,87,430,297,11,942,62,67,22,High
74,35,8,8,150,178,11,156,61,58,6,High
48,45,10,10,110,119,5,576,35,46,15,Low
19,24,4,25,301,112,2,235,47,46,27,Moderate
78,96,5,41,212,246,5,929,64,69,35,High
54,83,6,45,235,118,6,13,51,47,41,Moderate
74,67,8,47,303,22,6,585,45,49,39,Moderate
70,11,4,47,24,134,12,296,95,100,0,Critical
3,71,3,18,233,221,9,961,52,70,41,Moderate
24,9,8,87,461,220,6,72,55,64,27,Moderate
61,88,3,17,148,115,4,874,58,57,35,Moderate
29,36,9,30,421,297,8,247,41,38,32,Moderate
100,4,8,18,294,117,7,306,64,81,1,High
87,83,9,58,300,73,2,688,42,61,41,Moderate
88,100,6,9,48,255,8,779,65,66,21,High
90,15,9,99,135,219,7,779,87,100,0,Critical
70,75,9,89,168,22,2,517,49,47,32,Moderate
36,80,10,82,446,271,9,185,42,41,54,Moderate
14,26,4,24,192,106,5,576,53,60,20,Moderate
51,46,7,66,188,212,11,182,71,71,17,High
70,95,4,98,82,279,3,201,85,95,24,Critical
33,64,10,49,338,226,6,598,34,38,40,Low
2,1,9,75,220,119,8,514,50,48,13,Moderate
55,67,9,58,493,34,1,645,25,25,57,Low
35,58,10,76,241,190,2,524,40,40,31,Moderate
90,44,7,30,410,200,10,888,63,67,27,High
46,81,3,36,239,124,4,104,56,72,41,Moderate
22,68,9,81,18,199,4,958,51,70,20,Moderate
60,3,10,46,58,270,7,874,68,65,0,High
34,3,6,53,441,107,4,246,51,55,26,Moderate
79,36,3,78,319,282,1,240,87,83,15,Critical
8,20,8,27,93,154,12,290,52,51,9,Moderate
11,91,4,84,382,104,9,440,51,61,65,Moderate
93,82,9,17,154,89,5,268,44,64,27,Moderate
8,49,10,78,74,126,12,218,50,43,21,Moderate
49,66,7,53,427,202,1,155,41,42,46,Moderate
44,57,8,88,227,35,7,940,53,59,34,Moderate
62,31,5,72,88,216,4,114,82,86,0,Critical
69,67,3,25,97,22,7,410,67,74,23,High
10,14,7,13,208,290,1,585,43,34,9,Moderate
99,66,5,62,115,5,10,29,80,81,19,Critical
92,59,8,2,315,57,9,544,45,56,31,Moderate
45,66,4,22,233,95,1,291,46,54,36,Moderate
93,77,5,4,330,275,8,980,64,70,31,High
62,30,4,42,286,158,10,54,76,94,18,High
65,64,9,20,320,240,7,402,43,54,32,Moderate
76,48,7,16,187,51,4,788,49,43,19,Moderate
61,24,4,11,401,259,10,444,69,69,20,High
30,36,7,21,498,273,2,683,35,31,39,Low
58,21,3,29,262,194,8,552,77,78,11,High
97,88,7,95,285,227,6,299,74,86,34,High
52,5,3,58,37,38,9,950,88,94,0,Critical
96,45,7,35,466,174,11,588,64,72,31,High
51,71,9,13,126,252,11,856,49,56,22,Moderate
92,94,4,81,385,177,11,246,80,100,48,Critical
25,85,6,19,382,160,1,365,25,14,57,Low
1,98,5,44,235,214,3,256,37,39,54,Low
95,76,3,22,66,177,1,536,74,82,13,High
26,12,6,70,388,63,6,442,54,54,29,Moderate
84,23,5,37,354,195,10,897,77,81,14,High
74,90,4,23,312,73,1,350,46,63,48,Moderate
47,6,10,77,364,67,7,75,49,45,20,Moderate
20,42,6,81,201,199,7,971,64,68,23,High
9,27,10,38,112,258,2,519,38,33,9,Low
22,11,3,27,431,194,1,262,53,61,27,Moderate
72,80,7,90,492,205,7,567,59,52,53,Moderate
88,36,4,9,353,7,6,176,59,62,27,Moderate
89,65,9,76,380,88,11,666,59,62,38,Moderate
48,44,10,75,88,265,10,926,66,63,7,High
56,72,10,4,81,54,12,84,37,48,26,Low
8,27,7,40,479,211,3,354,34,23,40,Low
92,13,5,67,145,103,12,297,96,100,0,Critical
93,47,10,8,267,215,2,723,43,48,15,Moderate
1,20,10,92,246,150,10,764,49,61,22,Moderate
27,43,9,5,228,285,7,686,38,32,21,Low
99,19,9,12,429,1,7,694,44,46,23,Moderate
3,18,5,20,436,283,4,549,44,30,31,Moderate
8,52,7,87,454,193,3,288,41,37,50,Moderate
70,5,3,12,227,142,4,775,74,89,1,High
46,15,7,93,25,202,10,907,87,100,0,Critical
51,22,9,44,90,66,4,245,50,46,4,Moderate
17,62,3,38,438,226,7,163,52,62,50,Moderate
4,92,10,36,207,258,7,337,25,34,47,Low
53,86,4,6,457,276,3,248,43,39,54,Moderate
44,33,8,22,247,118,7,468,45,41,21,Moderate
63,61,5,15,336,26,8,669,48,43,41,Moderate
25,13,4,35,100,180,2,970,65,75,2,High
4,12,6,9,117,243,9,372,55,54,4,Moderate
74,62,10,33,310,201,12,19,50,41,30,Moderate
85,26,8,24,30,156,6,597,68,66,0,High
37,54,6,11,212,227,4,436,47,51,25,Moderate
7,87,3,33,186,99,12,164,53,71,49,Moderate
1,54,5,68,248,273,10,927,62,71,33,High
51,41,9,10,171,259,12,366,54,61,12,Moderate
28,4,9,22,276,97,12,656,45,52,14,Moderate
55,2,10,30,105,298,11,891,68,78,0,High
79,66,4,18,173,147,4,480,64,78,22,High
48,36,9,58,336,1,11,906,46,51,33,Moderate
86,99,7,21,407,208,2,158,40,50,52,Moderate
12,8,3,8,176,248,7,260,66,77,5,High
89,69,10,66,249,147,10,562,59,60,27,Moderate
57,45,6,98,436,123,9,453,68,76,39,High
86,77,5,4,402,208,10,256,58,72,41,Moderate
60,43,9,28,262,291,1,593,46,39,17,Moderate
55,21,6,96,62,187,8,37,89,100,0,Critical
49,6,7,27,449,175,10,515,55,46,22,Moderate
19,23,4,54,301,136,7,925,62,70,25,High
29,82,7,0,180,71,11,795,34,45,43,Low
1,70,7,92,198,190,7,168,51,55,40,Moderate
74,18,8,46,491,278,3,101,56,63,21,Moderate
92,50,7,39,217,130,3,562,61,76,16,High
53,97,4,80,263,265,5,327,69,81,43,High
49,42,9,75,245,58,4,249,47,57,26,Moderate
21,97,4,68,10,244,9,935,70,81,30,High
84,39,9,26,416,102,6,489,44,38,30,Moderate
27,8,5,0,5,220,5,238,63,69,0,High
12,65,5,47,150,169,5,886,51,62,32,Moderate
36,80,8,88,202,184,5,977,52,50,38,Moderate
54,74,7,76,93,126,1,990,56,50,25,Moderate
60,95,8,51,112,113,3,493,45,56,35,Moderate
75,23,10,93,219,172,3,80,65,81,6,High
25,99,5,26,409,97,11,797,36,41,68,Low
28,52,7,50,307,48,5,530,39,45,40,Low
9,35,4,39,299,238,7,129,58,65,28,Moderate
77,0,7,32,340,256,11,105,76,72,2,High
60,86,5,19,231,220,9,298,58,68,36,Moderate
8,69,7,62,353,124,8,864,38,24,53,Low
96,0,5,61,344,280,2,805,87,96,0,Critical
44,88,4,100,469,113,4,886,56,56,64,Moderate
56,21,9,27,0,118,12,415,64,71,0,High
81,6,6,14,277,205,12,384,76,79,0,High
34,32,4,76,0,122,2,846,75,80,3,High
54,26,10,92,194,294,5,371,67,68,5,High
1,21,3,17,154,96,7,122,55,60,18,Moderate
100,16,9,7,356,32,10,709,52,65,14,Moderate
5,43,7,39,65,100,1,608,38,32,20,Low
98,60,4,76,377,228,1,92,78,94,28,High
55,15,5,68,432,134,3,1000,64,63,25,High
57,78,8,70,182,44,7,221,50,48,37,Moderate
4,43,8,73,48,80,3,872,45,55,19,Moderate
32,79,6,1,281,210,5,250,35,33,43,Low
20,82,7,35,374,126,9,333,32,37,58,Low
88,69,3,80,417,234,6,746,83,100,37,Critical
88,64,6,37,458,124,2,47,49,53,43,Moderate
97,81,5,46,266,232,11,443,79,91,29,High
26,35,6,80,378,142,1,599,50,45,35,Moderate
59,31,10,3,418,75,11,942,32,19,33,Low
97,9,8,4,260,34,12,949,62,72,4,High
27,76,10,77,205,56,7,346,35,35,43,Low
88,82,3,71,468,10,5,361,64,70,56,High
84,74,9,17,392,105,3,376,32,32,44,Low
92,19,6,80,291,208,6,206,86,92,5,Critical
71,22,6,58,52,268,9,875,90,90,0,Critical
100,45,10,50,480,281,6,178,56,66,27,Moderate
99,85,10,2,200,59,2,860,31,29,32,Low
17,4,4,42,50,78,4,49,66,74,0,High
5,85,3,19,379,132,8,963,38,39,62,Low
79,61,4,15,315,112,4,413,57,55,32,Moderate
89,39,10,84,465,158,12,126,64,76,31,High
65,85,3,92,83,212,7,702,89,100,23,Critical
14,35,4,19,301,190,8,254,53,54,29,Moderate
33,34,10,34,483,82,11,799,30,15,44,Low
51,14,4,45,194,273,11,368,87,92,1,Critical
8,96,7,10,156,33,6,757,20,24,53,Low
59,43,5,61,116,37,5,149,68,61,15,High
57,84,6,52,61,181,6,730,63,72,24,High
7,17,8,94,121,171,1,672,55,74,9,Moderate
34,64,9,40,260,283,11,72,48,49,31,Moderate
20,24,10,92,182,38,12,847,53,59,20,Moderate
20,45,8,26,461,169,7,926,30,31,46,Low
10,51,8,83,316,221,3,55,44,62,37,Moderate
28,52,4,24,73,105,7,405,59,60,19,Moderate
72,40,4,86,418,105,3,690,71,91,33,High
79,100,3,79,251,250,1,801,75,88,39,High
81,52,8,60,107,172,1,867,62,71,9,High
84,30,8,41,8,75,12,182,75,95,0,High
85,75,9,38,224,245,2,270,50,68,25,Moderate
39,32,3,32,366,78,3,601,54,50,33,Moderate
54,72,3,23,79,134,1,673,60,66,23,High
52,25,3,91,488,59,8,747,74,78,38,High
54,81,4,26,437,182,12,800,57,53,53,Moderate
100,8,5,71,288,250,10,110,99,100,0,Critical
40,66,7,42,446,185,1,694,34,35,50,Low
27,80,5,55,499,290,3,345,44,37,59,Moderate
52,46,5,26,222,240,12,358,70,63,18,High
51,78,7,46,60,169,10,117,61,51,23,High
10,99,7,27,175,235,3,807,30,21,47,Low
62,32,8,48,369,50,2,84,42,42,30,Moderate
55,74,3,58,299,140,4,886,64,69,41,High
82,54,6,30,75,157,12,652,77,96,8,High
44,93,9,46,433,110,4,919,23,26,63,Low
79,62,9,85,298,125,11,709,64,78,31,High
86,82,10,85,438,278,10,899,59,81,44,Moderate
82,29,4,44,416,55,9,724,71,84,28,High
84,75,10,65,335,284,9,117,58,73,32,Moderate
9,66,9,49,310,157,9,624,32,28,46,Low
59,29,4,54,32,204,2,999,81,78,0,Critical
41,94,4,24,27,100,8,883,57,74,32,Moderate
39,12,5,48,482,106,7,859,56,47,32,Moderate
5,62,4,85,495,72,10,37,50,50,64,Moderate
65,61,4,82,34,146,1,713,79,99,11,High
97,12,5,52,63,227,7,974,97,100,0,Critical
53,36,9,75,421,55,9,680,48,34,37,Moderate
93,98,9,79,174,90,7,32,58,66,36,Moderate
11,14,7,36,37,113,12,37,60,71,3,High
32,42,3,6,467,45,11,252,47,60,48,Moderate
34,45,3,89,319,283,9,765,84,98,28,Critical
82,95,6,31,306,260,9,559,61,60,40,High
30,66,9,29,325,1,2,816,16,21,50,Low
51,4,6,23,178,249,8,400,71,69,0,High
86,7,3,37,54,287,6,357,100,100,0,Critical
78,71,7,9,483,274,11,583,51,42,44,Moderate
91,17,4,84,377,289,4,866,93,100,8,Critical
63,71,6,5,433,26,5,69,32,20,53,Low
14,41,7,78,202,105,7,7,53,51,28,Moderate
86,22,4,72,25,272,7,460,100,100,0,Critical
3,25,7,85,52,227,7,973,67,79,6,High
40,4,10,83,286,11,6,421,48,49,16,Moderate
49,95,7,19,4,268,10,796,58,53,23,Moderate
18,90,10,38,302,162,3,795,17,18,55,Low
28,46,5,25,329,139,7,37,48,55,36,Moderate
25,43,10,53,158,156,9,711,44,47,21,Moderate
89,16,8,40,218,195,4,541,67,78,0,High
59,70,7,61,155,17,5,508,52,43,31,Moderate
25,73,7,43,336,77,9,280,37,28,52,Low
7,1,6,33,123,255,12,336,68,72,0,High
50,77,8,57,391,284,8,786,50,50,45,Moderate
89,69,5,41,154,289,2,908,74,74,14,High
64,86,5,82,486,24,12,659,59,73,64,Moderate
15,99,5,15,276,223,2,546,31,43,55,Low
23,52,4,4,60,107,4,590,49,48,19,Moderate
8,22,10,11,58,244,7,787,39,42,3,Low
28,85,10,67,0,266,12,297,56,47,22,Moderate
40,96,9,3,293,223,2,582,19,14,50,Low
69,68,6,87,50,263,1,321,77,95,10,High
38,17,4,50,489,137,8,723,61,63,34,High
26,18,10,52,466,247,1,519,32,39,30,Low
32,45,6,63,75,268,6,537,70,65,9,High
87,16,7,51,361,191,10,583,75,73,11,High
28,84,4,25,285,170,2,520,41,59,48,Moderate
67,98,8,62,443,148,6,224,41,30,60,Moderate
41,8,6,54,301,268,12,325,76,85,9,High
7,45,10,28,98,98,7,2,29,35,23,Low
5,69,4,96,95,105,1,986,58,69,33,Moderate
91,22,3,94,353,186,4,804,94,100,12,Critical
62,17,8,50,302,98,6,492,56,55,15,Moderate
100,70,6,83,254,115,8,178,78,100,27,High
72,42,7,25,185,100,9,812,60,72,15,High
25,85,5,26,93,220,7,599,53,43,32,Moderate
99,82,8,77,369,113,9,571,62,60,42,High
69,91,6,82,226,290,3,998,68,84,34,High
48,28,7,98,143,45,4,249,67,67,13,High
26,3,4,10,115,216,10,759,72,87,0,High
60,21,9,5,79,161,2,975,46,36,0,Moderate
89,82,3,93,403,148,2,119,75,100,45,High
84,57,7,57,453,249,1,677,56,65,35,Moderate
33,2,4,32,392,92,1,369,52,44,22,Moderate
86,38,4,37,74,193,11,198,91,100,0,Critical
9,25,5,10,183,73,5,281,43,47,21,Moderate
86,22,3,9,66,12,10,317,82,100,0,Critical
62,99,10,99,106,270,11,63,66,80,30,High
7,25,9,36,303,244,9,23,41,33,24,Moderate
38,66,7,22,252,7,8,589,36,34,42,Low
44,33,8,30,259,82,9,940,47,56,23,Moderate
49,41,3,16,455,167,10,873,61,62,38,High
93,31,9,93,259,217,7,896,78,100,7,High
20,73,3,74,195,157,12,556,72,87,38,High
82,0,5,6,125,164,5,398,75,77,0,High
26,28,5,99,235,256,9,988,81,99,16,Critical
39,73,8,7,70,245,9,387,47,45,21,Moderate
80,22,7,21,440,241,2,227,54,59,19,Moderate
38,19,5,44,493,234,10,833,63,50,31,High
31,95,9,52,384,136,4,444,24,28,62,Low
22,66,10,13,400,39,10,251,15,18,56,Low
45,76,4,5,171,194,6,609,54,54,31,Moderate
73,53,4,64,384,292,5,999,77,77,28,High
1,75,5,41,216,223,8,418,48,41,42,Moderate
63,66,5,49,366,89,8,575,57,57,43,Moderate
62,62,9,94,368,249,12,888,66,60,35,High
97,46,3,44,476,17,6,235,68,70,39,High
14,88,10,7,40,159,11,825,28,36,34,Low
80,22,9,32,24,42,10,358,65,59,0,High
41,57,3,37,370,212,1,801,55,54,39,Moderate
6,61,5,71,18,247,4,368,64,54,18,High
27,2,7,3,69,27,10,103,51,42,0,Moderate
35,50,4,84,445,48,2,234,53,55,49,Moderate
82,12,4,32,274,39,6,814,72,84,9,High
94,9,10,29,403,183,10,801,59,71,10,Moderate
14,40,3,41,357,0,10,963,52,50,44,Moderate
44,23,5,71,311,125,11,242,73,66,21,High
84,8,3,62,169,2,10,600,92,100,0,Critical
78,80,5,27,486,113,7,755,49,37,55,Moderate
3,47,7,4,309,240,10,148,36,27,36,Low
48,27,3,16,363,101,12,962,66,78,28,High
8,25,9,41,186,272,11,531,51,53,14,Moderate
77,64,8,89,201,212,2,835,66,74,21,High
33,37,7,8,75,101,2,494,41,45,12,Moderate
52,41,4,85,403,24,1,685,59,74,39,Moderate
90,35,7,56,264,112,8,454,71,86,14,High
56,63,3,41,195,294,10,54,81,99,21,Critical
81,8,10,36,448,200,10,543,56,70,15,Moderate
44,41,10,27,267,99,5,179,32,38,27,Low
81,47,3,23,440,249,3,747,67,81,30,High
64,8,10,34,422,231,2,54,43,34,15,Moderate
31,72,7,57,416,156,11,371,46,36,53,Moderate
92,6,5,10,166,60,5,269,71,75,0,High
16,97,7,52,147,79,7,310,37,46,49,Low
84,92,6,6,223,118,7,687,50,68,38,Moderate
85,73,10,84,407,297,2,320,53,54,37,Moderate
53,23,5,95,355,172,3,496,73,79,21,High
96,38,10,53,255,89,11,442,62,62,15,High
97,21,6,69,27,115,4,234,88,99,0,Critical
69,51,7,57,178,197,12,776,74,79,16,High
47,82,6,60,258,52,7,77,49,58,46,Moderate
26,90,10,88,253,248,6,465,41,39,46,Moderate
57,85,7,72,381,7,5,724,41,36,57,Moderate
77,61,5,19,431,71,9,301,53,55,44,Moderate
22,91,5,50,347,256,1,193,41,48,54,Moderate
81,39,3,1,92,163,2,622,72,97,2,High
45,32,4,69,261,69,10,485,73,81,24,High
36,3,3,67,218,52,2,778,71,80,10,High
46,87,10,6,410,74,8,540,15,1,60,Low
75,88,4,98,388,100,3,825,66,72,52,High
80,82,10,11,469,280,10,725,38,41,47,Low
47,29,8,34,223,130,5,524,48,56,16,Moderate
64,66,5,70,78,228,9,604,83,89,14,Critical
18,55,9,67,213,155,11,158,48,54,32,Moderate
41,56,7,4,272,187,9,631,43,48,31,Moderate
95,70,3,81,470,86,12,378,83,100,47,Critical
47,8,10,75,44,3,3,220,53,57,0,Moderate
95,50,4,71,487,41,6,127,70,77,41,High
55,52,10,36,40,201,4,907,48,59,8,Moderate
29,28,7,55,420,217,3,986,46,48,32,Moderate
75,0,5,73,54,137,1,972,87,98,0,Critical
33,81,4,45,1,289,11,598,77,85,18,High
11,5,8,25,104,220,1,185,45,42,0,Moderate
7,7,4,3,246,234,2,545,50,66,12,Moderate
69,98,5,54,35,211,2,996,66,56,25,High
19,74,4,91,6,201,8,53,77,94,22,High
46,27,9,60,13,47,6,681,56,65,2,Moderate
86,57,7,51,448,216,7,934,60,58,36,High
44,32,3,52,471,289,6,234,71,84,32,High
19,15,8,40,171,188,7,994,52,63,9,Moderate
27,42,7,9,413,79,6,940,29,32,43,Low
88,34,4,94,272,187,4,421,90,100,12,Critical
17,26,3,35,25,72,12,174,74,77,7,High
12,60,3,34,31,102,1,787,53,62,23,Moderate
87,40,6,54,365,109,11,706,72,69,25,High
91,14,6,67,478,56,10,285,73,73,24,High
48,64,3,88,307,284,6,84,81,90,32,Critical
74,48,8,53,257,233,2,953,58,69,18,Moderate
60,99,8,94,359,84,3,124,43,40,58,Moderate
51,25,5,7,498,176,12,587,55,53,34,Moderate
97,40,4,62,376,193,7,137,84,89,21,Critical
75,20,3,15,1,209,12,364,95,100,0,Critical
86,50,10,80,58,58,10,970,68,74,8,High
26,0,10,64,358,225,5,544,47,47,14,Moderate
62,39,10,26,197,241,8,969,51,55,11,Moderate
76,22,9,33,447,285,9,541,58,46,19,Moderate
58,53,5,71,500,176,5,49,59,48,45,Moderate
26,6,8,85,44,191,12,722,78,93,0,High
25,14,6,19,114,60,6,10,51,62,8,Moderate
78,45,9,23,359,167,3,278,42,46,27,Moderate
51,27,7,35,120,229,1,919,59,49,2,Moderate
53,6,3,68,219,196,8,43,90,100,2,Critical
97,98,8,35,283,145,11,573,55,57,42,Moderate
13,13,7,81,143,142,4,560,60,78,9,High
12,74,10,71,215,180,2,799,29,36,41,Low
45,89,6,6,184,99,2,386,33,40,42,Low
55,98,4,42,400,6,9,608,46,57,65,Moderate
95,18,9,6,284,125,2,201,48,63,7,Moderate
36,10,9,89,425,275,3,311,55,58,20,Moderate
46,32,6,80,95,144,8,238,76,69,7,High
27,99,10,14,221,135,12,528,24,18,51,Low
21,69,6,51,421,259,11,412,51,48,50,Moderate
72,100,6,39,240,134,12,973,59,70,44,Moderate
9,91,4,37,291,246,1,724,40,48,53,Moderate
5,24,5,53,323,261,1,121,51,54,25,Moderate
47,17,5,87,462,6,11,477,67,78,35,High
91,25,3,93,301,70,9,221,96,100,14,Critical
61,49,8,55,5,82,11,987,67,64,7,High
45,0,5,63,406,44,12,677,70,65,22,High
8,32,5,75,365,270,12,571,68,56,31,High
8,22,10,72,406,74,3,219,27,27,38,Low
46,85,10,12,46,88,10,474,34,33,29,Low
39,80,6,20,131,190,11,502,54,60,31,Moderate
13,13,7,56,99,269,7,548,65,66,0,High
49,48,6,80,229,212,10,788,75,73,22,High
7,39,7,23,478,266,10,918,38,35,44,Low
77,41,10,16,94,217,4,123,51,48,2,Moderate
47,68,8,74,202,57,12,476,56,49,35,Moderate
78,18,5,9,24,48,9,336,74,74,0,High
54,31,5,2,310,240,7,172,59,50,18,Moderate
43,12,4,100,462,94,6,153,73,76,30,High
56,29,9,36,102,166,5,335,54,63,3,Moderate
43,57,3,62,224,234,4,145,73,80,26,High
68,100,7,89,324,126,7,523,56,72,52,Moderate
80,32,10,26,242,255,6,145,54,44,8,Moderate
90,52,9,9,451,37,2,326,29,28,40,Low
95,38,6,71,179,254,7,535,89,100,2,Critical
35,27,5,87,159,116,12,224,81,87,13,Critical
42,42,3,30,107,160,6,820,71,75,13,High
69,62,7,59,350,282,5,345,61,58,31,High
89,62,5,77,252,140,9,860,81,92,25,Critical
82,95,10,48,179,183,1,542,41,49,33,Moderate
83,68,9,13,287,292,2,200,44,61,25,Moderate
30,70,8,4,39,265,9,746,46,54,18,Moderate
70,88,9,21,186,178,2,304,37,30,33,Low
33,73,10,10,487,164,8,285,16,16,59,Low
95,86,10,58,227,41,9,579,50,53,36,Moderate
54,90,10,65,220,260,11,118,52,47,37,Moderate
34,50,6,1,470,136,4,524,29,18,48,Low
66,31,5,33,94,118,1,371,65,74,4,High
70,66,5,5,454,249,4,549,48,41,42,Moderate
6,35,3,32,315,30,10,43,52,61,39,Moderate
56,93,7,40,45,284,2,659,55,52,23,Moderate
87,33,4,46,1,7,4,43,80,100,0,Critical
29,1,8,69,177,226,8,202,68,64,0,High
69,68,5,97,487,245,8,635,74,79,46,High
62,49,5,72,37,106,1,38,72,75,8,High
47,18,3,92,135,115,7,50,90,100,5,Critical
97,50,8,86,202,73,3,817,68,95,16,High
74,87,6,39,121,230,2,273,60,63,25,High
79,67,6,39,257,97,12,989,65,58,31,High
94,55,8,69,87,121,4,866,70,75,8,High
9,53,9,14,317,57,10,246,22,34,45,Low
65,95,8,6,198,289,6,502,44,36,34,Moderate
78,24,9,4,24,178,3,248,55,48,0,Moderate
11,54,10,8,275,80,1,217,9,14,41,Low
62,60,8,61,323,134,4,561,48,45,35,Moderate
96,5,3,74,226,148,5,902,99,100,0,Critical
18,93,3,51,490,2,1,637,29,23,77,Low
41,73,6,34,362,130,2,698,37,29,48,Low
23,60,3,97,89,79,6,623,75,82,26,High
26,18,7,99,185,53,12,12,71,76,16,High
49,86,3,31,130,23,6,484,56,65,38,Moderate
21,74,8,13,231,170,4,593,27,32,41,Low
46,34,4,15,444,69,9,863,51,47,39,Moderate
9,72,3,39,260,229,3,531,51,54,42,Moderate
30,37,5,42,4,65,11,830,68,74,8,High
3,16,5,45,290,137,11,975,57,66,24,Moderate
56,23,5,58,467,164,10,211,68,65,30,High
53,83,4,68,435,195,2,629,55,51,54,Moderate
58,33,4,94,171,105,8,342,86,100,13,Critical
54,6,8,96,119,61,4,684,70,78,0,High
72,29,5,2,261,170,5,940,60,72,13,High
78,35,9,85,449,233,2,477,58,71,27,Moderate
85,31,7,30,424,23,12,745,57,59,30,Moderate
48,82,7,16,415,212,10,965,40,39,52,Moderate
70,100,9,55,138,158,1,53,42,47,36,Moderate
90,15,5,13,454,32,4,215,55,61,24,Moderate
24,99,9,84,423,87,1,863,21,31,70,Low
33,45,4,31,417,18,5,980,43,47,46,Moderate
20,83,9,19,301,287,3,79,24,19,46,Low
42,26,4,45,198,117,7,79,69,76,14,High
66,30,6,8,454,285,3,302,51,56,25,Moderate
19,73,8,91,124,144,5,705,50,58,33,Moderate
74,92,7,88,377,215,5,812,59,59,48,Moderate
59,91,6,43,452,146,7,546,44,36,59,Moderate
17,94,4,15,94,14,7,127,39,54,46,Low
93,88,6,73,494,158,11,318,66,66,54,High
75,14,3,61,247,160,6,708,88,100,5,Critical
14,13,6,100,336,55,9,385,63,61,28,High
62,41,3,11,329,86,5,393,58,59,29,Moderate
23,83,7,40,180,91,1,945,31,32,44,Low
29,57,9,30,419,300,6,5,34,38,41,Low
92,12,3,67,309,51,1,279,81,100,10,Critical
15,2,3,8,93,234,7,131,70,80,0,High
71,23,6,16,70,71,6,905,65,58,0,High
76,79,8,76,101,57,1,163,54,57,26,Moderate
59,77,4,57,23,212,9,107,81,87,16,Critical
12,73,3,74,121,120,2,365,59,67,35,Moderate
90,74,4,81,144,198,4,639,85,100,19,Critical
82,29,6,29,148,38,3,778,62,64,7,High
10,10,8,8,406,42,1,760,18,16,33,Low
6,20,9,53,203,78,12,28,45,42,21,Moderate
58,57,4,8,362,231,12,784,63,71,34,High
56,4,7,27,488,268,4,55,53,50,19,Moderate
74,75,4,80,270,293,5,216,81,83,29,Critical
48,46,7,40,488,73,6,499,39,42,47,Low
44,33,9,67,355,157,1,590,42,43,28,Moderate
28,68,10,27,248,44,12,642,28,19,43,Low
52,75,10,90,360,13,12,630,44,41,52,Moderate
20,7,8,3,69,60,7,273,42,43,2,Moderate
18,75,5,79,315,182,7,19,55,66,48,Moderate
72,39,5,75,4,61,1,802,77,84,1,High
46,42,5,92,188,250,11,845,87,88,15,Critical
39,66,5,4,344,66,2,18,31,34,47,Low
64,95,6,8,448,190,11,805,43,50,58,Moderate
35,43,3,69,380,153,2,239,62,68,37,High
35,40,5,61,227,61,4,736,57,50,27,Moderate
86,36,3,97,371,27,10,752,89,100,28,Critical
92,88,7,89,428,99,5,252,58,62,51,Moderate
81,70,10,27,270,75,1,297,31,48,34,Low
87,64,7,77,265,211,7,880,73,93,24,High
92,69,3,47,131,124,1,259,76,84,18,High
65,45,4,80,41,85,3,429,81,94,7,Critical
28,59,10,1,290,271,1,721,20,14,33,Low
97,70,4,72,75,206,1,752,86,90,10,Critical
97,35,8,52,393,187,10,650,69,63,20,High
14,4,8,55,59,32,8,221,54,61,2,Moderate
6,80,4,24,409,232,4,574,36,39,58,Low
93,78,8,24,115,267,4,168,60,73,15,High
54,60,4,17,222,241,10,758,68,73,24,High
20,50,8,76,366,203,4,195,43,33,40,Moderate
7,43,9,95,472,221,10,617,45,43,47,Moderate
51,80,4,79,478,105,6,423,56,67,60,Moderate
17,16,9,47,62,15,7,348,44,44,8,Moderate
47,79,8,28,252,205,11,931,47,50,38,Moderate
82,21,4,43,395,25,10,126,73,75,24,High
57,44,3,38,430,34,5,744,56,65,41,Moderate
59,42,10,33,88,206,9,853,55,61,6,Moderate
61,62,3,98,40,242,10,502,100,100,9,Critical
28,6,9,36,231,61,2,118,36,40,13,Low
87,1,9,64,146,243,8,771,82,86,0,Critical
38,3,4,29,135,36,7,34,67,71,3,High
52,19,6,15,145,193,9,751,66,65,2,High
40,17,6,85,65,95,7,378,76,89,1,High
2,86,9,9,190,171,9,803,21,15,47,Low
52,12,7,21,70,258,7,100,69,77,0,High
0,96,3,97,486,165,11,859,55,65,75,Moderate
87,30,8,28,86,81,2,288,58,63,0,Moderate
96,84,10,37,228,56,5,480,41,60,35,Moderate
73,26,9,20,140,7,4,944,45,55,8,Moderate
25,38,6,92,315,126,5,191,59,78,32,Moderate
20,93,6,38,56,156,12,927,53,53,36,Moderate
46,84,5,19,2,206,11,494,65,70,21,High
6,48,5,25,356,10,4,824,30,15,48,Low
73,13,5,13,330,157,9,173,68,68,11,High
3,55,9,73,467,57,6,276,24,24,59,Low
100,80,4,70,497,148,1,58,64,82,50,High
9,76,9,51,434,208,7,488,26,13,59,Low
23,50,3,88,470,245,10,992,72,79,46,High
63,37,10,2,142,242,3,75,42,35,6,Moderate
2,31,9,79,86,247,9,797,58,67,11,Moderate
20,64,7,38,420,180,8,391,36,31,51,Low
95,86,8,41,475,86,12,374,49,56,54,Moderate
51,2,10,50,0,39,5,841,55,59,0,Moderate
97,63,3,12,324,149,2,224,64,88,29,High
68,19,7,99,175,229,4,678,83,82,0,Critical
53,90,4,40,335,136,4,717,50,62,51,Moderate
22,10,6,79,465,291,10,708,68,68,26,High
13,92,3,70,197,89,3,873,51,69,51,Moderate
22,76,9,93,325,286,6,181,47,51,44,Moderate
97,36,9,15,303,167,9,200,57,59,14,Moderate
29,27,4,34,229,54,8,659,59,57,23,Moderate
57,34,4,43,429,190,9,198,68,61,31,High
63,68,10,74,484,280,6,47,46,49,46,Moderate
52,76,3,54,263,164,10,724,72,88,38,High
7,69,3,96,100,127,2,20,65,74,33,High
69,99,5,4,32,232,5,869,58,53,24,Moderate
89,79,9,44,191,91,5,589,49,68,29,Moderate
29,41,7,86,412,85,9,718,53,48,42,Moderate
27,71,5,5,361,39,6,754,30,37,54,Low
67,37,8,27,130,154,8,613,60,51,7,High
45,22,6,74,372,208,11,408,72,74,22,High
69,32,9,28,191,70,5,777,47,38,13,Moderate
79,59,6,25,20,163,1,237,63,61,6,High
99,69,8,84,9,156,9,569,83,99,6,Critical
94,65,5,91,173,34,9,668,84,100,23,Critical
33,9,5,23,153,281,1,878,63,61,0,High
30,98,7,44,129,62,5,7,36,40,46,Low
75,80,9,36,469,214,2,290,34,41,50,Low
7,22,5,82,315,161,6,84,61,72,27,High
28,13,8,98,313,272,3,355,63,68,14,High
17,84,4,28,121,108,8,239,49,53,40,Moderate
73,71,3,27,190,289,6,169,77,88,21,High
64,79,9,30,200,204,3,49,41,49,31,Moderate
72,65,5,82,126,76,12,516,82,97,22,Critical
99,33,6,77,111,87,12,520,93,93,0,Critical
16,11,9,89,44,261,12,830,75,82,0,High
82,63,6,7,142,243,10,62,68,86,14,High
22,51,6,47,244,271,7,467,56,63,27,Moderate
81,96,10,17,255,0,6,126,26,32,47,Low
22,46,7,39,468,289,6,984,42,49,42,Moderate
38,77,7,41,384,79,1,5,28,18,55,Low
81,6,7,78,132,299,6,321,91,97,0,Critical
54,68,5,0,126,0,10,721,50,48,30,Moderate
24,62,5,63,47,287,12,665,77,89,15,High
75,65,9,58,282,265,5,37,56,64,26,Moderate
83,40,4,73,458,126,1,133,68,85,33,High
88,36,7,65,81,180,6,513,80,86,0,Critical
63,64,5,33,114,256,4,297,67,64,15,High
22,24,7,59,115,148,8,780,61,63,10,High
25,49,4,12,185,189,12,171,61,58,24,High
25,26,4,68,14,120,4,224,74,92,3,High
71,63,6,79,191,42,12,246,73,80,28,High
28,66,4,8,36,84,3,928,48,59,24,Moderate
84,46,8,51,463,160,4,245,51,48,35,Moderate
100,93,10,32,288,221,6,987,46,46,36,Moderate
76,80,9,20,19,286,4,249,54,48,11,Moderate
45,29,8,26,92,278,6,121,60,60,0,High
89,98,5,52,442,241,3,178,58,61,52,Moderate
76,7,10,3,257,292,9,424,57,54,0,Moderate
31,55,9,21,58,237,1,653,38,47,14,Low
29,3,8,59,163,173,11,154,66,66,2,High
97,1,8,40,444,44,12,43,66,71,15,High
59,3,6,34,494,195,1,938,53,42,21,Moderate
39,43,5,76,478,235,5,421,61,50,40,High
22,94,5,96,209,13,3,595,48,63,54,Moderate
62,61,9,99,269,151,2,677,54,72,31,Moderate
93,89,7,99,9,286,7,836,89,100,11,Critical
74,58,8,66,325,7,1,712,44,48,37,Moderate
68,74,10,87,243,57,6,734,48,61,37,Moderate
81,99,10,94,261,201,1,5,49,56,41,Moderate
3,90,4,63,74,158,9,396,58,64,40,Moderate
85,69,8,20,85,11,10,62,54,64,20,Moderate
84,12,6,16,377,204,5,880,64,58,11,High
72,46,7,99,363,19,6,508,63,71,35,High
89,19,7,40,157,243,12,538,85,100,0,Critical
65,77,5,17,329,162,11,709,56,63,41,Moderate
8,99,3,1,466,35,4,995,19,21,79,Low
48,27,6,29,14,240,2,369,66,78,0,High
34,2,6,27,99,182,4,700,62,57,0,High
33,99,10,70,310,116,10,922,33,29,58,Low
74,75,9,21,403,298,4,53,40,29,39,Moderate
78,45,5,16,378,166,11,4,65,57,28,High
30,14,6,42,291,191,4,863,55,55,16,Moderate
96,61,3,48,467,74,12,514,76,84,43,High
80,0,9,78,39,296,11,869,94,97,0,Critical
98,98,7,91,413,204,3,475,62,67,49,High
20,12,4,97,310,292,11,800,87,92,15,Critical
84,51,3,28,137,254,4,167,82,100,7,Critical
21,33,4,81,170,174,4,943,71,92,17,High
25,90,3,22,51,195,10,600,63,64,32,High
14,36,8,46,284,76,7,367,37,42,33,Low
12,68,7,7,449,11,3,444,10,11,64,Low
40,40,10,48,148,29,4,474,36,32,21,Low
46,82,5,36,242,102,5,952,48,60,43,Moderate
54,18,6,2,393,234,1,102,46,41,19,Moderate
14,31,10,38,312,193,10,888,37,39,28,Low
97,12,8,60,334,263,5,508,75,73,2,High
93,71,10,18,71,69,5,418,45,43,16,Moderate
27,38,5,15,94,65,10,344,56,65,17,Moderate
90,25,8,17,424,290,9,586,63,60,16,High
18,64,9,27,494,94,5,640,14,8,61,Low
0,21,8,94,311,36,3,949,40,52,33,Moderate
66,58,6,89,305,273,8,781,78,84,26,High
88,86,4,25,275,260,2,616,64,79,33,High
32,9,7,12,112,275,7,1000,60,55,0,High
58,97,3,66,184,16,9,391,67,79,46,High
92,66,10,1,304,210,1,908,34,46,27,Low
53,31,10,27,442,153,3,301,30,23,33,Low
70,21,6,14,91,52,9,311,66,77,1,High
3,55,10,24,310,141,8,238,20,27,43,Low
22,59,4,48,115,181,6,127,62,66,24,High
81,44,4,95,434,73,2,116,72,81,35,High
47,14,8,52,248,163,2,675,53,64,10,Moderate
88,96,5,60,114,261,5,413,77,96,24,High
44,79,7,63,466,52,12,456,44,48,62,Moderate
92,89,6,17,328,206,1,324,48,56,40,Moderate
51,26,5,98,170,239,10,923,92,100,6,Critical
74,34,9,87,378,73,6,592,57,64,28,Moderate
95,68,4,4,92,103,11,793,75,92,15,High
59,11,3,84,379,80,8,719,83,82,20,Critical
38,83,7,62,330,83,2,776,36,29,53,Low
41,51,8,67,453,73,10,188,44,45,48,Moderate
82,90,6,70,425,8,4,967,48,51,58,Moderate
6,27,7,46,115,2,10,594,47,46,20,Moderate
77,84,9,35,244,292,10,582,56,68,30,Moderate
58,36,7,91,420,57,1,102,52,48,36,Moderate
7,7,4,55,16,13,2,746,61,57,3,High
84,24,5,85,314,289,2,794,86,92,8,Critical
38,1,5,60,235,19,12,407,72,72,11,High
55,0,10,22,271,118,4,724,42,39,6,Moderate
44,98,7,53,458,237,6,530,40,35,62,Moderate
78,65,10,48,2,157,6,166,57,52,8,Moderate
58,62,3,53,362,213,3,463,66,74,37,High
43,87,6,47,485,35,6,436,33,33,68,Low
8,1,3,70,500,238,10,673,72,80,29,High
53,80,10,59,73,242,12,997,58,50,22,Moderate
100,0,9,24,92,154,6,314,71,75,0,High
57,64,9,21,30,200,5,735,48,47,12,Moderate
99,78,4,4,357,193,8,739,64,66,36,High
70,6,9,92,347,113,12,278,73,91,12,High
31,58,6,45,152,25,5,319,46,40,31,Moderate
1,26,4,85,482,153,9,268,60,68,44,High
37,18,7,47,471,200,11,44,56,44,30,Moderate
47,96,9,34,153,218,8,668,42,42,37,Moderate
87,5,3,77,405,72,6,367,87,100,14,Critical
9,60,10,47,141,253,7,847,38,44,26,Low
58,77,9,38,205,274,6,154,48,57,28,Moderate
23,75,4,66,20,259,3,632,68,77,20,High
53,45,10,0,219,165,3,19,30,34,21,Low
24,6,10,56,251,148,7,69,46,51,12,Moderate
7,17,9,75,343,275,12,93,56,51,23,Moderate
26,45,5,89,120,143,3,963,67,78,19,High
57,56,6,96,140,123,1,306,68,83,20,High
88,97,7,23,391,0,11,417,42,56,57,Moderate
75,36,10,86,167,278,9,374,75,88,3,High
39,91,4,31,374,168,9,46,49,40,56,Moderate
9,1,7,0,164,62,9,390,42,32,9,Moderate
48,4,10,23,134,133,9,391,51,42,0,Moderate
28,25,8,91,449,119,2,285,45,55,37,Moderate
76,31,5,44,165,139,3,469,72,82,6,High
27,70,5,86,493,50,12,456,53,49,64,Moderate
82,98,3,68,485,94,2,644,58,69,63,Moderate
69,56,6,30,213,113,9,527,61,64,24,High
33,2,4,48,290,18,4,42,60,56,17,High
62,79,5,98,132,261,12,530,89,92,23,Critical
60,23,4,30,319,94,4,80,62,76,20,High
83,50,6,89,199,300,7,338,89,95,10,Critical
20,39,4,64,253,159,4,962,61,64,27,High
31,59,4,95,220,28,8,320,67,75,37,High
62,14,9,74,67,53,7,349,67,65,0,High
32,59,4,29,221,233,4,149,57,60,29,Moderate
24,23,6,85,428,242,12,569,69,73,30,High
3,88,9,59,174,237,6,810,34,34,43,Low
27,45,10,38,485,297,6,997,31,20,42,Low
22,73,5,45,299,226,6,705,50,40,43,Moderate
72,42,7,70,126,8,2,588,60,50,14,High
2,32,10,25,485,21,4,828,7,11,52,Low
84,71,7,64,465,118,4,563,51,60,48,Moderate
54,77,10,88,123,13,3,937,42,40,33,Moderate
76,32,3,3,444,77,1,241,52,49,32,Moderate
27,2,9,61,261,187,3,488,49,57,9,Moderate
21,90,6,20,79,300,6,849,48,43,31,Moderate
55,79,10,9,67,65,12,449,38,49,27,Low
25,73,8,73,427,33,5,629,30,21,61,Low
60,85,3,81,301,152,6,22,72,90,44,High
32,48,8,85,335,52,7,627,47,46,40,Moderate
88,10,5,48,184,222,7,921,89,91,0,Critical
50,39,7,61,218,84,5,100,56,63,22,Moderate
81,75,8,27,89,91,8,892,55,64,21,Moderate
73,4,5,44,489,19,4,385,58,60,26,Moderate
55,73,10,33,331,20,6,660,25,35,48,Low
56,23,4,43,296,266,2,886,71,87,12,High
33,93,8,43,296,170,12,727,41,33,52,Moderate
7,8,6,24,155,46,3,824,42,32,13,Moderate
78,50,10,80,169,181,1,581,57,48,13,Moderate
71,82,8,23,3,257,2,878,54,62,13,Moderate
14,85,6,25,255,244,1,611,33,26,46,Low
24,16,10,44,237,120,11,23,45,53,17,Moderate
61,65,3,94,146,128,1,790,79,96,24,High
100,94,10,30,100,43,9,773,48,59,29,Moderate
24,48,10,45,465,274,5,750,30,18,43,Low
83,92,7,66,84,161,9,499,70,80,25,High
55,7,10,73,412,24,1,136,39,34,24,Low
46,41,6,52,115,171,7,652,67,79,12,High
1,74,8,46,481,174,4,334,19,12,65,Low
91,3,6,3,367,46,11,82,64,71,11,High
51,74,9,96,163,253,6,358,62,81,26,High
3,90,10,27,498,86,7,780,2,2,76,Low
51,77,6,73,469,231,9,499,58,64,53,Moderate
4,86,8,71,202,138,5,578,35,39,49,Low
44,47,5,0,204,148,10,825,55,67,23,Moderate
14,64,4,72,8,222,9,57,75,77,18,High
17,96,10,29,161,11,2,522,10,1,52,Low
6,11,4,69,465,131,10,240,61,65,36,High
72,17,3,33,178,59,7,966,79,84,5,High
100,21,3,31,214,146,6,74,87,99,1,Critical
82,33,5,47,440,234,3,583,67,60,24,High
97,45,4,41,143,186,5,801,84,100,5,Critical
15,47,8,53,242,289,2,196,44,38,26,Moderate
92,71,3,13,285,65,3,23,60,69,34,High
2,88,10,93,163,177,2,483,31,51,45,Low
65,92,7,59,68,183,3,28,58,49,27,Moderate
79,37,6,46,440,39,6,14,55,53,34,Moderate
45,10,5,92,52,97,11,699,90,100,0,Critical
59,55,3,34,439,71,2,765,52,49,45,Moderate
70,52,5,82,305,282,1,136,74,74,23,High
3,100,9,44,415,244,3,428,15,6,68,Low
61,39,7,69,339,106,4,619,56,61,28,Moderate
77,53,3,41,397,2,9,367,66,71,40,High
5,30,7,89,292,222,10,278,61,65,27,High
45,68,10,44,225,283,9,509,47,49,28,Moderate
81,57,9,71,490,174,10,755,56,52,42,Moderate
9,17,4,99,315,33,6,853,64,88,30,High
71,13,4,26,118,257,6,999,85,97,0,Critical
17,85,9,54,352,88,8,132,26,13,59,Low
78,49,3,20,42,292,2,560,82,93,0,Critical
65,62,9,98,204,93,6,525,59,74,28,Moderate
36,4,5,77,74,106,6,143,79,84,0,High
26,18,3,63,87,11,7,83,73,83,9,High
64,73,9,88,370,264,4,191,54,59,39,Moderate
33,68,9,39,70,117,6,91,40,39,25,Moderate
6,51,8,67,60,30,9,124,46,55,25,Moderate
66,38,6,92,440,180,3,957,66,74,32,High
60,12,4,51,397,237,7,253,77,76,16,High
91,52,5,40,293,291,7,748,78,77,17,High
26,6,4,1,381,248,6,645,55,49,18,Moderate
68,10,7,56,126,95,7,93,73,75,0,High
60,14,10,60,154,0,1,215,45,45,7,Moderate
56,38,7,87,258,256,5,722,71,85,16,High
50,20,10,4,296,105,2,104,28,23,18,Low
7,100,10,39,388,118,12,975,17,21,70,Low
54,6,10,20,458,53,6,731,32,24,26,Low
81,66,7,45,6,251,10,817,79,95,4,High
91,66,8,4,4,229,8,993,64,63,3,High
99,47,9,69,141,118,5,455,68,66,8,High
19,51,5,100,458,193,4,527,57,66,48,Moderate
63,30,8,29,414,219,12,926,57,53,25,Moderate
27,68,6,53,282,199,9,632,53,64,40,Moderate
46,30,3,71,59,6,10,797,83,85,9,Critical
21,80,9,67,331,198,6,938,35,36,50,Low
11,94,9,59,223,94,5,303,25,35,54,Low
35,86,6,2,291,53,1,679,22,23,53,Low
58,5,10,68,93,277,11,346,77,79,0,High
55,27,3,69,294,262,2,375,80,82,14,Critical
17,9,6,89,117,42,4,795,64,82,8,High
50,28,8,56,191,186,4,960,58,55,10,Moderate
23,22,9,56,108,281,4,132,55,65,3,Moderate
26,83,10,95,201,83,8,623,41,55,45,Moderate
52,57,3,14,33,178,5,108,69,85,11,High
90,66,5,88,108,248,7,871,92,98,10,Critical
92,67,5,46,289,299,7,562,77,77,23,High
69,84,8,11,165,258,7,700,49,61,27,Moderate
47,16,8,8,241,183,3,803,44,42,10,Moderate
29,63,10,0,302,275,1,903,19,11,36,Low
52,56,4,98,212,87,4,660,74,94,28,High
12,25,9,32,280,21,8,939,30,33,30,Low
28,13,8,3,341,249,9,782,44,49,18,Moderate
28,32,4,41,56,0,11,970,67,64,13,High
66,96,10,54,202,258,9,37,50,55,36,Moderate
7,98,7,38,310,162,1,116,21,31,61,Low
37,37,4,50,251,214,12,355,75,76,21,High
43,76,8,61,409,196,2,204,37,43,50,Low
49,66,9,5,369,248,12,404,39,38,40,Low
54,11,4,11,448,239,8,858,64,69,20,High
97,46,6,38,191,46,2,700,62,65,15,High
48,56,9,64,174,262,2,801,52,61,19,Moderate
46,47,3,2,415,13,10,249,49,48,45,Moderate
16,35,6,69,125,37,7,244,56,51,21,Moderate
77,80,3,98,472,181,4,133,75,91,51,High
32,41,6,85,428,65,11,479,58,62,44,Moderate
53,51,8,69,87,8,12,51,62,64,19,High
18,87,6,55,159,190,2,234,43,54,41,Moderate
57,34,6,1,185,82,4,304,48,52,15,Moderate
27,57,8,26,402,113,6,89,28,15,48,Low
72,53,5,88,81,84,3,654,78,79,13,High
2,10,4,42,456,13,5,818,42,48,40,Moderate
29,12,6,2,427,122,4,861,37,38,29,Low
100,78,9,96,469,208,9,342,65,88,44,High
6,56,6,73,216,20,6,646,44,55,40,Moderate
0,88,9,47,469,294,10,542,26,19,65,Low
56,36,9,25,421,153,10,457,43,34,33,Moderate
1,4,7,96,300,258,2,664,59,78,15,Moderate
97,16,9,72,155,144,2,698,71,85,0,High
22,15,8,38,207,291,6,213,55,54,7,Moderate
26,18,9,4,108,110,3,223,34,31,7,Low
9,17,8,31,55,109,4,126,43,54,6,Moderate
72,27,9,11,120,186,3,961,51,59,0,Moderate
95,50,6,94,387,65,7,260,74,92,32,High
64,17,10,100,295,250,11,210,75,74,8,High
21,99,4,38,146,144,2,473,44,52,46,Moderate
92,33,7,74,397,62,3,712,62,70,26,High
79,7,10,61,411,205,5,119,57,46,12,Moderate
1,13,6,28,8,130,10,666,59,51,1,Moderate
34,68,5,98,73,61,10,157,73,75,27,High
75,93,10,14,207,204,10,97,41,43,35,Moderate
3,91,3,21,177,186,7,290,47,60,47,Moderate
100,77,5,2,67,120,5,744,64,80,15,High
79,40,7,56,343,117,9,178,65,76,25,High
79,5,8,55,57,105,5,522,73,81,0,High
93,25,7,54,317,10,2,476,59,73,18,Moderate
70,81,7,37,480,154,3,372,38,23,55,Low
19,69,5,66,483,74,5,150,39,24,63,Low
96,54,3,41,186,3,7,887,77,82,20,High
85,18,9,78,407,265,2,119,65,76,13,High
25,41,8,60,435,198,8,34,44,44,40,Moderate
75,73,9,79,143,287,9,942,71,63,18,High
54,19,8,35,386,281,10,165,60,65,17,High
57,3,7,59,398,31,1,63,50,35,21,Moderate
43,89,10,88,153,37,10,44,45,45,42,Moderate
84,9,7,64,20,286,4,596,90,100,0,Critical
20,21,10,48,44,132,7,982,47,56,4,Moderate
28,15,4,91,389,185,11,667,79,90,25,High
61,60,9,34,469,105,12,598,40,34,48,Moderate
63,23,5,93,278,83,10,768,83,89,17,Critical
9,57,9,42,141,142,8,20,37,36,29,Low
66,36,7,44,490,83,1,107,41,46,39,Moderate
22,49,7,55,171,236,5,861,54,64,22,Moderate
92,43,9,11,74,63,3,218,50,64,4,Moderate
37,91,6,71,308,289,7,232,57,49,47,Moderate
97,29,7,64,159,126,6,347,78,93,1,High
65,73,6,30,368,187,9,632,54,42,42,Moderate
17,34,10,96,148,42,7,41,47,64,22,Moderate
25,54,9,5,382,56,9,194,20,19,48,Low
57,59,6,35,159,287,8,134,68,79,16,High
7,39,5,20,293,67,6,334,38,37,37,Low
52,87,9,86,195,287,8,653,60,62,33,High
58,74,9,5,367,142,4,138,25,15,45,Low
10,44,5,31,146,0,2,431,39,34,29,Low
4,81,9,43,378,2,6,442,12,10,66,Low
35,77,4,46,323,54,12,584,55,53,51,Moderate
63,42,10,72,148,66,8,267,55,55,16,Moderate
24,81,8,86,287,57,5,693,38,47,52,Low
39,3,10,57,449,226,9,933,49,38,20,Moderate
35,87,7,55,364,125,8,210,40,43,56,Moderate
71,35,4,16,399,233,1,89,59,67,24,Moderate
27,90,7,89,10,20,2,374,47,64,35,Moderate
52,44,3,45,425,225,12,236,75,79,34,High
18,31,10,44,197,239,1,260,35,30,17,Low
44,77,10,72,479,255,2,160,32,33,54,Low
92,85,8,64,187,113,4,830,58,75,30,Moderate
12,2,8,50,74,253,12,569,68,69,0,High
33,15,10,66,270,125,9,1,50,57,17,Moderate
19,86,9,24,131,219,5,749,30,32,37,Low
4,23,7,62,187,298,2,923,54,61,13,Moderate
73,58,8,62,278,112,11,679,61,52,29,High
50,72,7,37,123,4,11,980,50,47,32,Moderate
30,67,6,63,260,298,6,728,59,65,33,Moderate
49,25,7,12,125,52,11,773,56,51,9,Moderate
3,14,9,80,262,289,9,161,57,67,15,Moderate
81,51,8,78,89,288,10,400,84,93,2,Critical
90,63,7,64,101,33,7,800,68,77,17,High
79,18,7,79,427,22,4,293,61,65,26,High
56,5,3,95,248,183,1,556,88,100,4,Critical
85,91,7,14,92,284,11,490,67,79,20,High
100,59,3,87,428,8,10,367,83,100,40,Critical
46,77,9,57,96,23,1,528,35,34,32,Low
83,59,7,45,294,163,11,290,66,83,27,High
58,79,6,10,475,78,8,798,35,25,59,Low
38,7,7,84,472,66,9,100,58,59,31,Moderate
82,15,4,91,141,137,4,33,94,100,0,Critical
94,64,3,65,146,87,4,265,83,95,18,Critical
91,44,4,2,409,205,12,688,71,80,26,High
18,42,8,12,193,283,9,218,45,57,19,Moderate
57,56,3,13,408,171,9,535,60,68,40,High
58,99,3,3,291,233,2,372,49,51,47,Moderate
33,2,10,25,278,186,5,841,40,35,9,Moderate
80,47,6,78,167,17,1,768,65,76,18,High
97,65,7,4,398,142,9,572,51,58,36,Moderate
90,66,6,0,301,4,6,714,45,57,36,Moderate
37,33,5,54,131,72,2,330,59,70,15,Moderate
89,14,8,36,389,82,6,503,57,66,16,Moderate
95,53,7,51,156,72,3,376,64,66,14,High
58,56,7,85,307,119,3,641,57,74,33,Moderate
3,100,4,93,279,117,8,566,52,74,62,Moderate
85,27,5,29,358,92,12,676,72,67,20,High
37,25,9,10,60,187,2,225,42,35,1,Moderate
23,37,3,18,57,113,8,289,65,76,12,High
8,6,9,32,114,102,3,389,37,49,6,Low
0,11,5,18,312,6,5,211,36,30,30,Low
98,27,9,88,283,208,9,983,80,86,7,Critical
99,72,7,0,94,206,3,600,57,72,12,Moderate
9,55,9,81,238,49,10,698,41,61,40,Moderate
25,54,4,45,259,96,10,606,58,72,36,Moderate
5,51,5,56,88,175,6,801,58,65,22,Moderate
82,81,6,49,429,210,3,310,54,57,46,Moderate
33,61,3,38,295,150,2,331,53,57,38,Moderate
31,99,6,75,13,44,10,707,58,51,38,Moderate
85,42,5,76,16,100,2,330,83,82,0,Critical
74,63,6,10,420,220,3,452,46,53,38,Moderate
96,6,3,18,207,24,5,108,79,97,0,High
88,73,5,51,405,194,12,260,72,80,40,High
69,47,3,34,415,114,7,283,65,60,36,High
91,16,4,79,144,213,11,667,100,100,0,Critical
58,51,7,44,126,16,10,738,58,49,21,Moderate
55,100,4,78,487,72,11,899,57,61,70,Moderate
37,77,5,41,441,150,3,389,39,42,57,Low
67,36,9,71,170,75,6,973,59,68,13,Moderate
24,94,10,64,496,266,4,173,23,24,67,Low
4,4,5,47,433,52,7,624,46,32,34,Moderate
88,86,8,25,460,100,5,106,36,40,54,Low
12,19,5,67,308,221,4,555,60,59,22,High
24,57,10,87,185,28,8,501,41,42,35,Moderate
91,29,5,48,310,34,8,580,72,81,18,High
49,82,8,81,97,248,7,343,63,72,25,High
36,44,9,17,173,82,11,188,41,47,23,Moderate
30,2,8,72,69,127,8,252,68,62,0,High
77,31,7,51,162,77,4,931,64,70,8,High
70,18,3,64,76,202,8,278,98,100,0,Critical
35,67,3,62,355,130,2,526,55,58,46,Moderate
48,17,5,95,299,203,6,464,80,88,14,Critical
37,17,7,23,276,2,8,631,44,55,22,Moderate
79,66,4,20,0,286,5,878,80,87,2,Critical
19,25,10,53,321,235,3,324,36,38,24,Low
34,73,5,52,474,215,7,26,49,56,55,Moderate
57,86,4,48,147,25,12,693,66,76,38,High
100,8,9,18,334,120,7,77,58,58,6,Moderate
2,88,6,18,216,170,12,777,38,45,50,Low
59,48,8,72,223,160,2,919,56,67,21,Moderate
45,77,6,10,50,49,9,52,48,53,28,Moderate
47,87,7,5,1,17,12,617,45,54,29,Moderate
97,68,3,3,375,67,4,771,57,62,39,Moderate
71,3,10,28,373,120,8,303,48,35,12,Moderate
63,31,10,25,492,14,10,369,32,23,40,Low
47,70,8,75,400,254,11,248,57,51,44,Moderate
19,52,10,24,263,171,3,117,23,26,34,Low
53,44,10,81,101,119,4,634,54,53,13,Moderate
48,40,5,93,155,225,5,17,81,85,12,Critical
49,13,3,59,495,162,2,977,66,59,29,High
71,24,8,55,332,9,4,447,50,55,23,Moderate
55,70,9,83,304,57,9,100,49,64,43,Moderate
97,54,3,69,12,248,9,959,100,100,0,Critical
67,25,10,87,73,188,12,538,78,88,0,High
23,45,3,13,199,119,5,0,53,68,27,Moderate
76,52,4,14,338,79,5,627,56,60,32,Moderate
21,24,8,13,494,80,7,324,25,27,43,Low
17,40,3,41,259,245,12,932,72,77,26,High
40,81,3,10,330,207,3,495,47,43,47,Moderate
99,51,10,54,226,205,10,744,66,81,13,High
85,42,5,8,450,286,8,970,65,64,26,High
51,80,7,67,362,123,6,311,47,33,50,Moderate
72,55,7,2,302,230,8,925,52,55,25,Moderate
9,27,8,29,111,219,12,834,53,62,10,Moderate
61,71,7,47,138,76,10,645,58,54,28,Moderate
52,53,6,4,29,19,6,642,49,47,15,Moderate
28,41,4,20,416,125,9,464,50,47,41,Moderate
85,21,10,56,342,146,10,548,61,67,14,High
74,34,9,80,155,151,10,887,73,66,7,High
10,26,7,27,269,250,4,906,43,55,21,Moderate
97,1,5,52,422,24,12,188,81,82,14,Critical
15,51,8,57,317,14,11,963,38,39,45,Low
3,60,9,7,82,150,2,546,21,22,27,Low
27,25,3,45,308,106,12,215,70,66,26,High
88,66,5,72,36,210,6,147,87,87,7,Critical
57,24,10,82,169,86,5,338,56,61,9,Moderate
59,98,9,30,215,297,1,805,37,44,38,Low
71,40,3,10,4,87,1,930,69,80,1,High
59,92,5,100,177,81,8,780,71,82,41,High
91,79,7,26,353,61,3,105,43,36,43,Moderate
98,25,10,8,274,75,8,645,49,64,11,Moderate
23,86,10,32,143,148,8,160,29,28,40,Low
7,0,5,46,269,152,6,981,58,64,14,Moderate
49,62,9,46,233,163,3,511,40,40,30,Moderate
63,43,9,31,149,277,3,543,54,46,8,Moderate
85,96,8,69,179,25,2,499,48,64,40,Moderate
61,92,4,53,390,158,10,158,61,62,54,High
14,8,8,38,15,225,11,557,64,69,0,High
46,70,4,55,150,135,3,805,62,80,29,High
62,65,7,13,383,117,6,532,39,34,43,Low
2,68,6,39,124,111,8,777,43,52,36,Moderate
50,50,10,15,481,244,12,852,36,26,41,Low
15,93,7,11,127,127,12,839,36,29,44,Low
19,72,5,96,123,26,5,827,58,72,37,Moderate
93,2,3,43,40,155,8,807,100,100,0,Critical
45,31,3,55,152,126,8,643,79,95,12,High
72,79,10,28,398,208,2,831,30,26,45,Low
84,77,6,9,131,204,11,118,66,68,20,High
79,5,10,43,368,174,7,13,56,46,9,Moderate
15,66,10,92,466,156,2,332,26,24,58,Low
9,92,7,22,243,234,4,910,29,37,50,Low
70,59,5,12,121,184,7,226,65,63,15,High
24,4,8,80,56,198,8,43,72,66,0,High
81,66,4,91,286,205,1,283,78,90,28,High
15,82,4,39,113,90,1,536,43,55,39,Moderate
32,1,3,63,285,153,6,82,77,73,11,High
3,24,3,53,87,164,10,28,74,88,11,High
90,69,4,53,207,62,5,744,71,85,27,High
50,54,6,72,156,103,2,28,60,53,23,High
25,26,10,4,1,201,7,317,42,34,0,Moderate
5,1,9,21,18,99,2,59,37,45,0,Low
76,88,3,3,123,32,11,45,64,76,33,High
99,48,6,17,287,219,6,71,67,70,16,High
29,61,4,13,56,83,12,919,60,61,23,High
40,59,4,89,238,53,12,571,74,87,35,High
71,73,10,82,200,44,1,334,43,59,33,Moderate
39,45,9,83,302,123,2,326,44,51,32,Moderate
90,53,6,70,184,29,7,851,72,71,19,High
26,96,10,89,467,221,4,355,28,33,67,Low
38,17,10,93,327,55,10,287,53,53,24,Moderate
95,17,8,43,372,8,3,858,53,48,18,Moderate
29,61,5,21,395,176,10,686,47,46,46,Moderate
94,34,4,50,299,32,2,230,70,87,19,High
79,0,8,57,160,39,10,844,74,64,0,High
15,100,5,43,341,60,12,252,39,44,67,Low
30,69,8,28,69,146,6,203,42,43,25,Moderate
68,29,9,38,381,219,3,212,47,53,21,Moderate
70,84,10,26,202,220,3,212,37,40,31,Low
75,47,6,74,43,43,1,611,69,76,8,High
99,15,4,31,155,292,6,119,94,100,0,Critical
12,79,5,94,468,279,9,676,57,65,59,Moderate
41,50,4,98,326,182,7,221,75,88,33,High
1,18,10,45,418,27,5,968,19,7,40,Low
1,16,3,65,170,73,2,633,61,72,18,High
28,57,4,5,291,242,2,206,45,46,34,Moderate
55,34,6,42,30,156,6,304,70,67,0,High
23,80,6,24,495,180,2,242,24,29,64,Low
61,56,7,19,266,216,11,942,57,48,26,Moderate
75,49,3,77,389,254,1,758,78,90,28,High
95,34,8,63,90,268,1,880,76,80,0,High
17,15,8,24,198,104,1,954,35,28,15,Low
19,64,4,25,352,235,6,797,48,54,44,Moderate
90,2,5,19,388,175,3,154,68,66,7,High
16,40,6,77,367,212,12,255,62,47,36,High
84,92,3,84,230,201,10,245,89,100,35,Critical
36,65,7,32,244,45,7,185,39,40,40,Low
85,11,6,61,286,279,2,12,79,94,0,High
83,94,5,33,54,101,7,108,66,85,26,High
25,13,8,21,443,232,1,488,33,18,27,Low
39,28,3,13,115,135,11,111,73,87,9,High
57,87,8,66,371,170,1,516,39,29,51,Low
69,70,6,82,452,183,6,36,61,67,47,High
65,32,8,30,79,274,9,247,70,60,0,High
9,50,8,52,371,38,2,970,23,19,49,Low
52,17,7,42,30,50,8,635,66,63,0,High
52,33,4,35,489,11,6,502,50,56,43,Moderate
32,30,3,7,91,177,4,750,63,68,7,High
28,52,8,34,11,55,3,219,40,45,16,Moderate
12,31,6,79,88,150,1,306,58,62,13,Moderate
77,14,8,0,192,28,7,385,50,57,5,Moderate
68,11,9,99,149,63,7,577,73,80,1,High
76,82,9,47,77,134,3,212,49,49,22,Moderate
84,41,4,34,67,75,6,851,78,92,4,High
7,18,7,62,193,44,2,773,43,53,20,Moderate
88,99,10,58,379,223,8,843,47,46,48,Moderate
15,11,4,91,496,233,6,734,68,76,32,High
65,23,4,91,349,113,11,661,87,100,21,Critical
45,94,9,83,214,10,5,41,37,43,50,Low
67,56,7,65,276,11,4,612,51,62,33,Moderate
5,59,3,20,325,236,4,93,46,53,42,Moderate
7,52,3,61,79,169,2,485,63,74,22,High
58,6,6,15,324,40,4,297,50,49,15,Moderate
29,25,7,46,271,2,4,533,41,34,27,Moderate
8,67,3,84,271,115,3,751,57,83,46,Moderate
86,41,5,32,231,108,11,602,75,93,15,High
45,50,10,82,485,268,3,275,42,46,42,Moderate
76,38,8,26,498,283,12,218,58,61,30,Moderate
55,56,8,91,195,102,9,519,64,75,26,High
60,80,5,31,489,192,5,409,46,43,55,Moderate
91,13,8,3,311,283,3,825,59,66,1,Moderate
48,9,10,0,472,204,3,819,28,19,24,Low
59,66,8,98,274,229,9,782,68,71,31,High
46,33,4,40,182,168,6,793,70,82,13,High
70,78,4,92,247,113,6,52,75,83,36,High
90,95,10,61,133,33,4,573,44,57,34,Moderate
75,34,5,28,452,166,6,565,60,58,30,High
1,56,5,62,356,89,10,396,47,52,50,Moderate
95,84,9,89,466,72,4,955,48,49,53,Moderate
26,67,5,13,17,52,9,19,50,47,24,Moderate
6,50,4,50,38,156,10,493,67,72,18,High
9,85,5,33,396,224,10,755,41,36,59,Moderate
79,65,7,56,276,295,11,479,74,79,24,High
27,32,10,49,456,59,1,564,20,8,43,Low
19,3,4,13,120,47,8,577,60,78,5,High
35,19,6,51,122,270,3,683,68,71,1,High
90,70,7,67,488,246,1,609,56,53,43,Moderate
55,61,5,48,369,43,6,484,51,54,44,Moderate
63,5,3,92,202,136,11,682,100,100,0,Critical
94,3,4,74,318,72,4,674,86,100,5,Critical
86,64,5,5,142,280,11,603,76,76,12,High
42,88,6,75,344,20,12,748,51,44,58,Moderate
67,58,10,7,52,30,8,173,39,46,16,Low
33,50,6,38,60,76,10,157,59,62,18,Moderate
24,63,8,62,228,193,5,816,45,43,34,Moderate
24,32,6,80,136,31,3,18,57,47,19,Moderate
63,46,10,29,196,166,3,988,41,42,17,Moderate
61,32,9,23,117,71,7,500,49,60,9,Moderate
16,41,4,55,316,135,2,376,51,62,35,Moderate
59,93,6,72,447,171,4,554,49,48,59,Moderate
1,62,8,1,454,117,9,921,15,19,59,Low
66,86,5,41,395,210,10,787,60,63,49,High
93,68,7,50,248,197,5,565,65,79,24,High
32,17,10,48,365,64,6,488,34,26,28,Low
25,92,10,79,268,198,4,776,33,32,50,Low
29,57,8,70,115,185,6,824,55,52,22,Moderate
56,58,7,33,460,129,8,404,43,37,47,Moderate
22,20,10,62,0,187,5,467,53,46,0,Moderate
19,85,10,71,409,30,10,637,24,19,66,Low
23,67,7,83,402,108,10,524,48,49,53,Moderate
4,67,8,23,185,142,3,211,25,32,38,Low
62,26,7,24,91,173,8,449,66,65,0,High
54,20,3,20,17,218,9,753,86,89,0,Critical
100,89,5,48,84,266,3,672,78,78,16,High
61,14,6,86,0,167,12,263,96,100,0,Critical
10,29,7,77,421,277,6,253,53,52,34,Moderate
1,56,10,41,333,199,6,783,23,19,44,Low
93,2,10,97,110,263,7,562,89,100,0,Critical
30,73,5,27,39,278,10,718,65,64,19,High
64,89,7,21,315,76,7,472,38,41,49,Low
57,38,9,75,84,66,5,862,58,53,10,Moderate
42,81,10,54,469,275,2,396,27,17,55,Low
46,42,4,29,144,50,7,575,62,77,19,High
53,83,7,82,330,146,2,445,48,58,47,Moderate
75,12,3,100,370,204,7,575,97,100,12,Critical
84,32,5,98,12,170,5,511,97,100,0,Critical
16,98,3,59,64,116,1,40,52,67,41,Moderate
82,62,10,80,334,177,7,560,56,76,31,Moderate
100,58,5,80,193,168,9,288,90,95,15,Critical
17,83,8,16,70,54,11,916,34,25,37,Low
96,9,7,46,286,297,4,431,79,91,0,High
75,98,6,42,254,207,9,52,60,72,41,High
14,25,6,27,406,103,9,838,42,46,37,Moderate
98,69,3,80,195,230,8,591,97,100,18,Critical
75,77,7,51,315,78,5,638,49,61,42,Moderate
43,22,5,36,450,133,11,641,59,63,32,Moderate
25,39,7,48,330,235,6,248,49,54,30,Moderate
45,98,3,76,264,197,12,803,75,88,48,High
58,23,10,17,480,266,5,860,37,32,27,Low
100,20,4,57,136,155,9,870,97,100,0,Critical
0,7,6,76,148,155,2,143,58,69,9,Moderate
76,7,8,96,156,187,11,845,90,90,0,Critical
90,54,4,26,9,80,9,880,81,85,4,Critical
42,63,8,67,112,22,11,926,55,53,28,Moderate
25,88,9,96,33,189,6,563,53,71,30,Moderate
95,38,3,93,441,190,5,63,90,100,26,Critical
3,15,7,96,402,150,2,101,48,41,32,Moderate
92,30,8,37,138,143,9,293,71,74,0,High
48,48,9,34,406,251,2,615,36,33,34,Low
46,65,3,50,404,7,8,659,55,56,52,Moderate
77,82,9,81,29,222,3,657,64,63,15,High
94,98,10,31,12,253,9,997,59,69,16,Moderate
73,85,7,0,296,229,4,540,41,40,38,Moderate
62,85,8,18,221,129,10,982,44,38,38,Moderate
28,23,6,35,234,116,9,98,56,63,19,Moderate
57,86,10,83,412,91,2,44,31,33,57,Low
22,68,9,39,102,151,11,434,43,48,28,Moderate
43,99,3,24,488,13,7,281,37,34,74,Low
2,26,8,30,431,254,10,885,38,34,36,Low
36,91,9,30,261,199,11,543,37,40,47,Low
21,97,10,75,285,152,6,690,29,39,56,Low
50,13,4,88,439,5,2,216,63,66,31,High
47,9,10,38,470,171,7,231,40,25,25,Moderate
19,60,10,14,60,187,12,725,39,38,21,Low
36,64,8,63,320,165,10,293,49,61,41,Moderate
28,87,6,15,113,264,11,849,53,49,32,Moderate
0,45,3,61,62,97,5,300,63,77,21,High
74,44,8,82,49,163,7,920,76,79,2,High
63,12,4,89,483,158,12,320,86,96,25,Critical
11,5,4,9,29,113,12,310,67,74,0,High
79,62,7,92,138,38,1,552,64,66,22,High
44,27,4,72,499,112,7,721,64,65,39,High
64,47,7,5,142,19,3,531,42,52,19,Moderate
64,23,10,75,26,226,12,366,78,73,0,High
69,41,10,42,238,62,11,800,50,46,21,Moderate
76,13,10,27,73,188,10,165,65,72,0,High
25,24,8,5,346,238,5,57,36,26,24,Low
78,48,3,58,139,153,10,123,90,95,11,Critical
6,14,8,85,43,49,6,466,56,60,7,Moderate
33,75,5,3,323,160,7,702,39,45,47,Low
16,52,9,84,63,250,5,375,55,64,15,Moderate
96,16,9,52,337,213,7,873,68,75,6,High
59,96,9,49,449,253,6,304,37,42,57,Low
10,74,3,74,279,76,9,447,58,54,51,Moderate
92,82,10,77,298,50,4,344,46,48,40,Moderate
67,34,7,28,453,24,12,293,50,49,37,Moderate
77,26,4,6,449,102,11,760,64,71,28,High
70,63,7,65,409,185,10,274,62,69,40,High
34,32,3,12,412,296,9,389,64,64,29,High
35,30,10,76,124,147,6,525,53,46,11,Moderate
99,88,8,65,442,208,7,900,57,52,47,Moderate
23,62,4,43,160,251,12,909,70,69,26,High
89,66,9,32,51,40,10,854,57,68,14,Moderate
19,61,8,92,433,162,6,935,42,48,52,Moderate
90,92,6,44,210,140,6,449,61,66,35,High
61,83,6,21,265,118,10,438,50,55,42,Moderate
8,8,3,87,110,241,10,63,90,100,1,Critical
88,89,3,12,80,197,8,670,76,97,21,High
59,43,6,20,433,286,2,895,49,45,31,Moderate
78,28,3,41,452,244,6,745,77,82,23,High
98,13,8,35,82,263,9,149,84,86,0,Critical
76,65,6,27,392,248,9,82,60,59,35,High
35,45,10,90,191,60,3,294,43,61,26,Moderate
97,74,3,86,161,42,1,970,81,100,25,Critical
88,50,10,39,227,110,2,523,45,46,19,Moderate
73,75,9,54,114,284,8,545,64,74,17,High
85,99,3,76,210,159,5,390,78,100,38,High
25,6,3,70,351,21,8,172,68,77,25,High
76,79,4,53,390,260,7,941,70,69,41,High
7,2,4,55,209,297,7,34,74,87,4,High
45,42,4,87,314,125,6,446,72,91,30,High
26,95,8,23,433,79,6,853,16,12,69,Low
35,48,3,87,34,41,7,689,80,100,16,Critical
41,61,3,98,429,73,8,954,69,69,51,High
28,98,4,14,410,180,11,645,42,48,64,Moderate
59,3,5,66,135,241,4,941,85,88,0,Critical
72,96,5,29,500,247,5,57,48,40,59,Moderate
64,87,4,97,369,99,12,484,75,76,52,High
29,96,6,98,134,53,1,569,48,67,46,Moderate
29,7,10,68,447,201,5,391,42,29,25,Moderate
26,83,3,44,406,187,12,274,58,49,57,Moderate
0,12,9,86,385,14,5,935,34,37,36,Low
61,43,4,93,77,193,4,844,88,96,6,Critical
43,59,5,78,60,175,7,697,75,85,16,High
27,69,5,68,161,87,1,834,50,43,35,Moderate
88,81,7,29,125,270,5,313,64,84,18,High
33,16,7,84,436,9,9,788,54,55,35,Moderate
88,50,9,32,400,37,12,668,49,56,35,Moderate
40,79,9,62,431,290,8,879,43,48,50,Moderate
46,82,10,66,206,239,8,66,47,57,35,Moderate
99,25,8,42,156,117,9,15,74,74,0,High
23,49,9,98,80,167,4,446,56,76,17,Moderate
55,55,9,7,355,77,11,579,34,28,39,Low
49,92,10,30,126,140,5,854,32,35,36,Low
71,74,5,59,271,99,12,756,70,63,37,High
77,92,3,54,229,234,7,199,77,75,35,High
68,2,3,64,396,234,9,878,91,100,10,Critical
97,44,10,44,358,19,12,931,52,64,28,Moderate
88,23,9,27,263,271,12,973,70,75,3,High
51,76,8,27,488,24,4,607,21,11,62,Low
6,78,10,46,440,218,11,937,24,18,60,Low
27,39,5,46,473,195,5,404,49,34,42,Moderate
72,74,3,3,386,256,1,149,54,53,40,Moderate
56,41,5,67,427,7,8,65,58,45,41,Moderate
37,78,5,58,240,219,5,853,57,54,38,Moderate
97,95,6,77,87,142,7,916,77,79,25,High
56,45,8,15,429,142,10,552,41,36,38,Moderate
26,42,8,92,374,262,2,967,51,45,33,Moderate
10,60,10,8,220,277,12,562,32,32,32,Low
31,48,10,18,214,147,12,831,37,46,27,Low
10,94,9,21,147,256,1,173,22,30,42,Low
25,9,8,46,247,150,8,758,52,53,13,Moderate
78,39,7,59,264,90,2,597,59,67,19,Moderate
87,82,6,69,441,208,12,298,70,71,46,High
95,46,8,86,422,295,9,249,77,83,24,High
78,10,3,75,230,295,10,464,100,100,0,Critical
7,36,7,48,390,29,9,328,36,39,45,Low
4,46,6,75,142,177,12,349,64,62,24,High
30,40,6,86,458,262,4,243,58,71,38,Moderate
76,57,6,66,186,211,5,42,73,82,17,High
25,11,10,37,499,187,7,219,32,23,32,Low
47,63,5,32,277,98,12,987,58,67,37,Moderate
18,97,6,94,202,257,11,566,63,75,46,High
44,8,6,10,9,68,2,87,56,47,0,Moderate
57,14,7,4,374,47,5,129,41,40,23,Moderate
20,3,5,63,370,150,4,646,59,46,21,Moderate
91,11,10,86,93,202,3,219,77,100,0,High
38,28,9,31,175,83,2,335,37,45,16,Low
10,32,4,19,126,208,7,281,59,71,14,Moderate
2,63,4,36,39,205,3,67,53,50,23,Moderate
33,30,7,56,249,219,6,991,58,68,18,Moderate
26,27,6,84,175,98,8,262,67,82,17,High
38,8,9,96,274,160,1,350,56,59,12,Moderate
33,14,9,31,291,172,3,440,39,35,16,Low
90,64,5,15,340,300,7,159,68,87,26,High
58,69,3,33,326,266,7,383,69,66,35,High
56,45,5,51,461,294,6,239,64,49,34,High
10,91,4,23,377,80,10,871,35,37,66,Low
94,36,6,53,348,93,2,474,63,66,22,High
85,12,3,39,236,273,8,261,95,100,0,Critical
66,97,3,15,250,192,12,874,66,80,43,High
70,4,9,61,323,85,10,119,63,59,10,High
30,92,10,10,86,70,5,25,19,22,39,Low
36,85,3,11,242,190,11,96,58,63,43,Moderate
88,100,4,74,60,164,4,578,80,97,26,Critical
35,13,10,60,487,26,5,630,31,30,37,Low
72,79,5,71,390,292,6,702,70,62,41,High
27,43,7,34,141,122,9,638,51,55,20,Moderate
81,46,9,58,70,172,9,162,70,82,3,High
0,95,7,19,307,189,1,59,16,22,60,Low
78,70,9,100,359,300,2,987,61,68,33,High
98,72,6,42,154,86,5,325,66,83,22,High
95,91,6,40,234,143,1,460,55,62,35,Moderate
34,86,4,51,76,281,7,348,69,74,27,High
84,40,4,79,280,128,4,200,81,88,18,Critical
90,1,8,99,321,82,8,164,80,92,5,Critical
55,1,10,60,361,241,6,45,56,54,9,Moderate
64,95,9,17,298,150,5,339,30,28,48,Low
47,50,9,54,51,138,9,522,57,49,12,Moderate
18,72,5,0,110,287,1,452,42,54,26,Moderate
11,94,4,68,318,124,8,403,49,48,61,Moderate
14,47,8,10,308,77,5,841,23,31,40,Low
30,40,3,22,444,177,3,739,49,52,40,Moderate
72,57,3,12,146,160,8,738,73,70,17,High
96,90,4,42,291,91,2,194,61,71,41,High
38,8,8,37,68,228,1,581,57,53,0,Moderate
6,55,6,39,235,261,1,468,41,47,32,Moderate
70,0,3,65,238,276,6,487,97,98,0,Critical
21,95,3,36,11,95,3,605,52,64,36,Moderate
0,1,9,3,279,228,5,416,31,41,14,Low
49,63,6,66,195,240,3,400,62,72,25,High
47,32,7,0,154,33,5,407,41,38,16,Moderate
18,4,3,49,283,165,3,791,65,82,14,High
71,8,4,16,365,276,3,629,70,61,8,High
92,12,4,30,366,143,11,0,82,87,11,Critical
55,60,7,53,161,75,12,9,61,70,26,High
61,73,8,54,212,205,10,852,59,49,29,Moderate
11,61,8,52,335,233,7,435,39,49,43,Low
32,57,8,25,79,12,11,482,43,43,25,Moderate
33,53,7,10,245,288,7,600,47,48,25,Moderate
17,9,3,57,125,252,9,56,84,81,1,Critical
16,37,7,39,165,297,10,263,59,49,15,Moderate
12,73,5,30,51,95,12,7,54,48,31,Moderate
8,9,4,85,478,165,1,538,56,56,34,Moderate
13,52,3,86,45,114,10,139,79,85,20,High
94,75,8,76,408,78,10,181,60,69,44,High
32,7,7,44,494,73,1,885,36,41,33,Low
33,19,4,55,322,31,7,90,61,66,26,High
55,7,10,36,359,43,12,295,46,31,19,Moderate
27,39,10,30,317,291,4,58,34,28,26,Low
8,88,9,71,131,68,4,713,30,37,46,Low
99,84,3,98,158,154,9,273,98,100,24,Critical
68,19,4,3,156,187,6,485,72,69,0,High
71,49,8,73,183,268,4,134,69,71,12,High
23,1,4,83,388,117,8,21,71,83,22,High
44,73,6,93,371,234,7,348,63,67,44,High
20,7,7,36,271,166,9,297,54,44,14,Moderate
67,77,5,37,92,257,1,584,64,56,18,High
36,6,5,62,231,199,10,109,78,78,6,High
83,31,4,64,317,31,12,44,82,92,21,Critical
79,84,4,4,242,237,6,624,61,64,32,High
74,87,4,28,238,259,11,540,72,80,33,High
90,79,10,16,289,6,1,765,25,27,40,Low
47,16,9,5,175,54,10,469,44,53,10,Moderate
36,21,7,5,264,202,5,325,45,54,15,Moderate
57,14,7,88,63,230,4,832,82,100,0,Critical
21,8,3,96,460,13,1,59,60,69,36,High
99,86,8,43,474,13,10,46,45,52,56,Moderate
3,89,3,43,25,175,2,314,52,66,34,Moderate
13,25,7,75,208,207,1,853,53,45,17,Moderate
8,2,4,89,145,277,4,945,81,92,0,Critical
14,81,7,81,404,99,5,940,35,28,62,Low
37,93,8,98,495,104,12,122,45,47,70,Moderate
43,6,10,26,193,87,1,137,36,47,6,Low
2,82,5,58,481,189,6,304,36,37,67,Low
45,94,6,11,486,209,10,964,36,25,64,Low
78,82,9,2,200,73,10,41,39,31,34,Low
56,69,10,89,348,80,6,983,43,62,44,Moderate
89,29,7,29,184,226,1,771,65,70,1,High
9,77,3,10,164,76,7,813,43,60,43,Moderate
48,50,10,14,439,231,12,614,36,40,39,Low
99,54,9,7,235,289,1,20,51,50,12,Moderate
81,61,8,79,457,150,6,340,56,66,42,Moderate
5,71,9,38,217,113,6,178,25,18,44,Low
24,34,7,19,163,122,10,289,49,43,19,Moderate
14,90,8,61,479,192,1,35,21,9,68,Low
76,61,5,37,334,6,1,54,48,50,39,Moderate
22,72,4,95,236,269,10,5,76,97,36,High
4,57,5,16,59,241,11,883,57,56,20,Moderate
57,48,8,36,113,49,7,326,51,41,17,Moderate
69,19,9,58,57,179,2,11,64,65,0,High
28,85,5,50,320,279,5,10,51,43,47,Moderate
36,100,8,54,357,226,7,232,38,39,57,Low
4,71,5,38,278,274,4,762,44,40,42,Moderate
47,70,6,18,368,5,11,376,39,30,51,Low
91,71,9,68,418,212,7,660,56,66,39,Moderate
45,55,8,49,56,265,5,826,60,62,10,High
11,62,7,100,138,69,4,49,51,50,34,Moderate
0,6,6,88,161,298,7,758,74,81,4,High
21,18,6,46,442,91,1,927,38,27,36,Low
37,29,9,4,296,297,3,310,37,34,17,Low
14,28,5,27,57,144,12,840,65,55,9,High
8,80,9,20,370,73,4,584,9,0,61,Low
25,50,5,92,328,37,4,399,54,56,42,Moderate
56,17,6,43,370,297,12,629,75,68,14,High
11,85,7,81,373,94,5,488,34,29,62,Low
67,10,5,27,195,126,10,925,75,82,2,High
100,45,5,24,145,51,9,743,75,83,10,High
1,42,10,70,224,84,10,987,37,46,33,Low
30,96,10,84,81,92,11,407,45,52,40,Moderate
38,38,3,84,390,109,10,12,75,93,36,High
94,83,7,43,6,240,2,132,69,72,9,High
39,42,8,66,253,66,1,172,42,54,29,Moderate
91,62,9,22,92,146,9,747,59,69,11,Moderate
99,35,3,43,324,242,11,413,94,100,12,Critical
89,27,7,33,212,280,10,590,79,91,0,High
95,73,4,94,58,46,9,996,92,100,17,Critical
53,83,5,11,123,240,2,203,52,60,27,Moderate
73,30,6,36,409,254,1,80,58,53,21,Moderate
86,6,10,77,405,2,6,160,55,57,18,Moderate
33,86,3,0,161,114,1,34,41,54,40,Moderate
3,40,3,64,1,249,1,426,71,75,8,High
91,3,7,84,48,178,7,620,95,100,0,Critical
92,97,5,42,38,218,5,557,74,91,20,High
99,2,7,27,84,207,1,537,76,85,0,High
3,30,8,30,348,26,1,228,19,12,40,Low
36,26,4,15,55,43,1,292,54,70,7,Moderate
58,53,4,23,60,180,8,876,73,81,10,High
67,4,5,2,75,183,7,753,74,76,0,High
58,22,10,62,8,236,4,66,65,62,0,High
33,66,6,86,163,60,11,559,64,72,34,High
51,45,8,98,119,251,6,820,74,72,10,High
99,52,7,57,200,286,12,543,86,94,8,Critical
54,72,5,19,466,63,8,168,41,40,56,Moderate
2,15,3,47,491,216,9,342,59,59,37,Moderate
26,31,7,97,110,31,2,927,57,69,16,Moderate
20,51,6,26,82,174,9,303,55,65,19,Moderate
0,62,5,57,293,173,12,432,53,65,44,Moderate
17,55,6,17,373,3,3,11,23,22,51,Low
54,22,9,51,307,53,6,25,46,50,22,Moderate
58,57,10,90,83,279,10,448,71,80,10,High
78,27,4,58,267,297,12,209,95,100,6,Critical
96,73,7,44,436,172,12,425,63,65,42,High
85,84,9,65,110,38,10,210,58,56,28,Moderate
89,53,7,97,33,257,9,140,95,100,0,Critical
37,74,10,56,49,262,12,849,56,61,19,Moderate
6,26,10,54,160,239,7,639,44,40,14,Moderate
39,48,7,10,84,46,12,268,50,40,19,Moderate
16,30,8,95,476,235,12,28,58,55,39,Moderate
9,63,3,49,261,250,11,632,66,72,37,High
38,53,4,47,15,156,10,333,76,75,11,High
1,75,9,66,377,116,5,617,23,19,59,Low
73,60,5,47,287,173,5,545,65,65,28,High
22,62,8,85,290,124,1,987,39,48,42,Low
89,61,4,81,138,59,9,714,87,100,18,Critical
35,7,3,69,305,213,6,908,80,87,12,Critical
39,13,6,80,214,167,3,340,68,70,8,High
6,68,10,88,442,179,6,74,29,26,58,Low
23,77,3,64,44,291,6,9,75,85,22,High
33,86,7,10,59,164,9,670,44,44,30,Moderate
9,73,6,97,130,79,2,701,50,54,38,Moderate
17,87,8,31,461,33,2,124,9,15,71,Low
4,56,10,31,407,206,6,527,19,20,49,Low
4,67,7,27,24,13,4,983,31,33,31,Low
18,5,4,17,470,265,3,909,51,50,26,Moderate
83,45,3,59,164,52,10,104,87,94,15,Critical
27,77,3,50,180,42,1,478,49,61,42,Moderate
72,1,8,32,409,252,10,595,66,57,9,High
62,71,7,52,309,137,8,221,53,45,39,Moderate
76,82,3,16,383,79,8,170,57,51,49,Moderate
52,46,8,12,345,26,3,346,28,29,37,Low
65,52,4,41,478,44,7,942,55,49,47,Moderate
15,49,4,62,164,100,9,949,63,78,28,High
11,68,8,55,4,219,1,216,43,44,20,Moderate
12,51,6,39,168,41,6,61,42,42,32,Moderate
54,86,10,16,233,36,1,654,17,29,45,Low
20,48,6,61,127,113,6,947,55,54,23,Moderate
9,10,7,75,148,149,1,681,54,62,9,Moderate
90,26,5,45,325,291,1,54,76,88,8,High
6,82,4,88,43,164,2,364,60,76,33,High
28,23,4,43,402,0,6,508,50,43,37,Moderate
63,75,9,47,225,298,7,771,54,44,27,Moderate
81,11,3,38,233,73,12,391,88,100,4,Critical
84,97,6,85,218,278,8,486,78,98,33,High
9,42,5,79,163,86,2,52,54,51,27,Moderate
20,55,4,82,232,70,6,123,61,66,37,High
58,88,3,62,398,129,10,786,66,70,55,High
14,58,3,70,385,64,8,180,56,61,52,Moderate
64,40,5,75,300,13,6,935,66,73,29,High
79,49,4,41,167,14,7,772,71,68,19,High
2,38,9,27,455,252,2,24,21,8,43,Low
96,87,10,85,357,16,1,436,40,61,48,Moderate
90,15,5,42,165,130,1,369,76,90,0,High
69,31,4,54,75,66,3,652,76,84,4,High
0,85,3,22,432,6,12,750,34,34,73,Low
25,38,3,71,121,88,8,767,75,89,18,High
1,94,3,19,359,236,4,933,36,29,61,Low
51,72,8,14,384,41,9,283,30,25,51,Low
91,86,5,65,455,179,11,401,70,78,50,High
11,1,4,99,480,131,1,265,60,68,31,High
82,0,9,44,183,14,5,749,59,61,0,Moderate
79,87,6,46,92,187,10,810,71,78,23,High
62,17,8,39,28,161,11,616,73,78,0,High
72,60,8,11,89,108,12,944,57,56,15,Moderate
99,85,10,25,235,47,8,45,42,40,35,Moderate
25,88,3,88,239,1,10,446,62,82,54,High
65,61,8,3,204,279,1,136,43,40,20,Moderate
1,26,3,69,264,172,4,420,63,75,26,High
20,32,5,41,446,258,5,603,51,55,36,Moderate
51,95,10,95,129,83,5,943,45,49,40,Moderate
89,37,9,2,173,193,11,76,60,77,5,High
92,3,7,30,223,66,12,125,75,95,0,High
61,89,7,70,454,202,12,313,56,58,56,Moderate
98,80,10,2,8,15,5,69,40,50,16,Moderate
36,90,3,26,372,47,7,496,43,50,61,Moderate
4,57,3,22,419,270,4,28,45,50,48,Moderate
55,18,5,58,411,98,6,598,63,66,26,High
25,57,6,46,131,56,7,796,50,53,29,Moderate
86,91,9,98,473,222,1,800,49,67,53,Moderate
60,27,5,88,483,50,9,89,69,67,37,High
86,69,6,30,28,20,3,959,59,59,15,Moderate
41,16,4,53,147,90,10,650,77,93,7,High
98,34,7,38,426,123,1,608,54,60,25,Moderate
47,45,9,28,379,49,12,388,38,28,39,Low
92,17,8,98,436,250,12,616,86,90,14,Critical
42,53,6,87,103,44,2,463,60,65,22,High
31,95,8,32,183,121,1,653,26,28,46,Low
30,96,5,58,428,75,4,663,36,34,68,Low
49,54,8,45,126,278,4,400,57,64,13,Moderate
24,15,3,47,66,138,6,373,75,81,2,High
12,33,3,80,44,175,6,628,79,85,9,High
27,19,6,11,190,206,12,516,60,62,10,High
77,9,5,60,90,15,8,965,83,95,0,Critical
53,25,10,49,136,261,4,450,56,67,1,Moderate
2,95,9,82,237,52,11,718,32,43,59,Low
97,8,3,57,373,271,11,772,100,100,3,Critical
45,7,8,78,437,190,12,456,66,65,22,High
22,52,7,46,400,64,9,122,38,40,48,Low
90,32,8,55,149,188,2,649,68,70,1,High
69,66,5,68,206,139,3,561,67,61,27,High
26,13,8,59,54,226,9,655,68,66,0,High
78,60,9,5,32,247,6,86,55,61,4,Moderate
40,72,3,12,302,287,6,865,58,69,37,Moderate
97,87,5,73,25,32,2,242,73,83,20,High
22,15,10,8,281,126,2,639,23,20,20,Low
70,100,8,9,204,256,7,488,44,50,37,Moderate
53,84,9,11,287,99,9,189,30,25,46,Low
94,28,9,75,214,192,1,249,68,86,3,High
6,75,5,3,7,11,6,898,35,40,33,Low
76,31,5,32,127,145,1,87,68,74,3,High
57,93,7,73,251,162,4,675,52,57,44,Moderate
38,78,8,98,251,120,9,584,55,65,43,Moderate
17,77,5,84,447,163,5,831,47,54,60,Moderate
44,77,5,73,179,105,2,676,57,54,36,Moderate
98,97,3,13,494,110,7,852,55,73,59,Moderate
78,13,9,82,398,292,2,656,66,72,10,High
38,29,6,29,318,254,7,69,57,56,21,Moderate
17,48,6,26,452,287,9,641,45,49,43,Moderate
94,73,4,71,36,134,1,465,82,100,12,Critical
44,67,4,25,17,164,9,794,68,67,16,High
13,10,7,99,78,294,3,516,74,82,0,High
24,88,7,89,13,165,10,242,64,83,29,High
1,23,5,70,308,196,9,637,61,53,27,High
38,84,7,98,318,152,4,505,51,62,50,Moderate
56,22,7,19,388,200,7,230,52,50,22,Moderate
57,90,7,28,375,59,2,13,28,29,57,Low
6,50,8,48,424,202,5,200,31,30,47,Low
23,22,9,22,428,68,3,545,22,19,37,Low
62,22,9,67,41,158,10,446,73,69,0,High
96,11,9,70,351,152,5,282,68,68,8,High
42,16,10,61,94,166,6,490,56,67,0,Moderate
42,40,10,60,495,199,5,663,36,29,41,Low
57,50,9,42,390,207,6,132,44,48,34,Moderate
11,63,7,77,42,59,3,651,47,57,27,Moderate
73,29,8,80,105,153,9,509,78,89,1,High
60,35,3,3,406,32,8,317,55,53,35,Moderate
37,79,9,19,232,97,3,286,23,19,43,Low
95,24,3,13,62,75,10,260,88,100,0,Critical
87,62,4,79,363,120,11,211,82,100,35,Critical
1,47,6,100,208,240,1,688,57,73,28,Moderate
16,13,8,82,159,33,7,914,54,64,14,Moderate
12,88,7,27,162,222,11,124,43,49,41,Moderate
3,23,3,43,438,228,7,454,57,55,36,Moderate
47,54,4,89,372,274,6,950,76,76,34,High
47,52,9,52,411,114,9,530,41,48,42,Moderate
73,57,9,82,319,297,8,73,67,83,25,High
84,32,4,9,303,216,11,143,77,82,13,High
40,91,8,91,402,98,1,695,35,33,61,Low
98,57,7,26,352,110,9,367,59,63,30,Moderate
28,55,5,21,44,164,1,703,50,61,16,Moderate
73,7,4,49,248,231,6,788,86,88,0,Critical
15,29,4,100,97,0,11,467,77,100,18,High
72,15,9,48,277,162,10,837,64,59,8,High
93,93,4,35,34,230,6,303,79,100,17,High
79,22,10,11,431,79,9,421,40,45,25,Moderate
25,33,8,33,247,194,2,267,39,30,22,Low
40,90,5,43,7,36,7,540,55,61,32,Moderate
17,33,3,99,296,1,2,333,62,84,35,High
60,90,4,96,490,227,2,910,62,71,59,High
55,37,10,86,299,284,1,604,54,67,18,Moderate
20,73,9,33,456,77,1,496,10,13,62,Low
45,61,9,35,400,226,4,741,34,31,41,Low
59,45,4,76,424,180,3,404,67,73,35,High
74,77,9,29,451,12,7,543,29,18,55,Low
91,7,7,43,22,247,5,518,86,87,0,Critical
98,20,10,18,66,237,3,484,63,74,0,High
82,88,10,81,184,182,10,71,61,88,31,High
85,83,10,4,484,86,5,117,21,15,56,Low
45,2,6,65,382,86,4,74,59,52,19,Moderate
82,46,4,79,287,184,6,986,84,100,20,Critical
96,60,4,45,423,123,5,159,67,72,37,High
22,55,10,80,333,142,3,903,33,45,41,Low
48,94,10,5,478,57,4,348,5,0,69,Low
6,42,6,32,250,155,9,986,46,49,32,Moderate
69,0,7,43,23,58,3,672,69,68,0,High
61,93,5,99,55,195,2,995,74,93,26,High
23,36,3,77,373,148,10,779,71,78,36,High
79,37,7,29,499,156,6,929,51,46,35,Moderate
85,37,4,53,272,17,1,342,67,82,21,High
46,53,10,77,47,114,3,535,50,54,14,Moderate
93,3,10,63,185,291,4,500,75,85,0,High
85,88,8,57,364,34,7,136,46,52,50,Moderate
41,35,7,82,479,89,5,256,49,48,42,Moderate
34,51,4,83,70,278,12,969,90,100,11,Critical
7,35,8,31,145,139,1,377,33,25,20,Low
57,76,10,50,411,100,9,548,34,33,52,Low
77,100,5,43,133,164,10,633,69,63,34,High
46,14,7,0,242,236,10,817,57,50,7,Moderate
46,6,3,63,177,75,5,172,79,82,5,High
69,15,3,93,70,22,8,294,97,100,0,Critical
49,20,3,65,396,128,3,945,69,69,26,High
87,94,4,2,253,223,3,9,56,74,36,Moderate
77,16,6,24,136,148,6,181,71,75,0,High
17,23,9,73,205,258,6,848,55,59,13,Moderate
43,4,3,91,305,2,6,801,78,98,18,High
31,16,9,11,435,69,2,81,21,27,33,Low
33,47,9,42,330,91,12,773,41,35,37,Moderate
28,74,5,43,78,213,8,3,61,57,25,High
99,16,9,13,309,239,5,340,59,68,3,Moderate
30,24,9,38,157,163,2,893,42,50,11,Moderate
26,4,7,88,415,264,11,665,71,71,19,High
29,20,6,1,136,81,6,66,47,49,11,Moderate
15,21,5,77,295,96,12,678,67,62,26,High
85,43,7,6,459,208,9,927,53,52,31,Moderate
65,40,3,98,38,254,9,142,100,100,0,Critical
61,11,10,79,234,165,12,316,69,63,5,High
55,69,6,28,240,244,3,918,52,43,29,Moderate
78,76,4,19,396,180,5,956,56,55,43,Moderate
18,48,5,73,263,1,2,472,46,57,39,Moderate
2,59,6,58,301,30,3,921,32,27,49,Low
38,39,3,59,326,33,4,187,60,56,35,High
83,3,9,9,359,163,3,7,48,50,7,Moderate
53,28,5,33,15,14,5,470,65,61,3,High
36,61,3,61,45,7,8,306,70,81,24,High
99,72,3,34,98,270,9,382,92,100,10,Critical
22,49,9,26,265,275,10,18,42,47,28,Moderate
36,41,5,26,412,154,3,849,44,42,38,Moderate
40,67,10,11,310,161,1,964,18,19,41,Low
59,86,6,48,227,243,5,497,58,53,35,Moderate
67,33,3,82,493,150,1,452,71,79,35,High
100,47,3,58,65,89,12,74,99,100,3,Critical
37,6,7,37,200,56,7,151,54,60,9,Moderate
36,58,4,3,157,287,12,101,66,81,20,High
55,32,4,100,175,86,3,584,80,97,14,Critical
73,38,10,95,75,203,6,260,72,76,0,High
77,81,7,74,51,133,5,972,68,60,20,High
68,16,7,22,219,252,1,984,60,52,1,High
24,51,7,83,433,233,3,906,48,56,43,Moderate
78,68,3,69,266,67,3,361,71,82,34,High
20,22,10,48,48,35,4,794,38,40,8,Low
56,73,9,24,432,265,1,282,29,21,46,Low
14,35,5,76,144,247,5,491,69,74,15,High
57,14,4,32,439,58,12,762,66,61,28,High
73,45,10,68,423,114,11,399,52,43,35,Moderate
31,97,3,86,470,87,6,249,52,73,72,Moderate
79,76,8,59,94,108,8,998,62,60,22,High
79,6,4,48,120,84,11,648,91,100,0,Critical
68,11,4,88,151,97,4,245,88,94,0,Critical
50,68,3,71,278,206,12,105,81,83,35,Critical
12,43,9,78,482,19,8,491,30,17,55,Low
48,83,8,45,139,281,4,741,50,59,28,Moderate
52,33,10,68,303,249,3,581,50,45,19,Moderate
63,77,4,35,408,39,2,6,44,37,53,Moderate
81,17,5,65,145,300,7,178,95,100,0,Critical
44,88,3,48,75,179,8,647,71,69,30,High
72,60,7,56,200,269,11,150,74,83,18,High
42,1,10,1,460,273,7,631,36,38,18,Low
28,76,8,2,273,184,6,282,27,39,43,Low
10,50,7,72,479,8,6,274,31,38,58,Low
17,93,7,87,492,79,11,622,38,51,75,Low
90,100,3,37,17,75,3,72,71,96,25,High
7,8,3,53,280,93,11,377,68,83,21,High
47,42,5,92,308,224,6,180,75,85,25,High
64,62,9,36,310,72,5,577,37,37,37,Low
68,97,6,85,125,2,4,42,58,72,40,Moderate
47,50,5,58,293,49,3,656,53,64,35,Moderate
21,88,6,41,494,111,4,740,26,23,70,Low
14,40,9,60,4,272,2,44,51,62,5,Moderate
11,33,8,91,325,95,8,317,49,52,35,Moderate
27,95,6,47,161,292,12,960,59,61,39,Moderate
60,22,3,27,475,240,5,352,67,80,26,High
48,18,10,1,150,261,10,492,50,42,0,Moderate
58,80,8,96,271,134,6,548,56,68,41,Moderate
61,94,9,74,394,238,6,515,45,50,52,Moderate
84,61,6,86,22,31,9,826,82,89,11,Critical
86,47,6,55,422,182,4,63,63,57,30,High
57,88,7,99,118,114,4,458,62,63,33,High
6,42,3,82,423,256,11,553,71,76,41,High
8,19,10,32,235,1,3,982,21,30,26,Low
21,14,4,67,332,227,5,225,68,67,20,High
88,74,3,38,92,36,5,524,73,90,22,High
12,32,6,17,316,73,12,513,43,41,34,Moderate
41,43,10,39,118,109,1,524,35,30,16,Low
3,70,9,100,157,204,1,224,41,46,35,Moderate
98,90,7,0,386,7,11,197,42,53,51,Moderate
80,67,8,8,431,200,9,537,44,37,41,Moderate
70,0,3,36,481,293,3,643,77,84,13,High
42,41,3,61,12,73,6,412,78,91,8,High
64,82,6,30,390,69,3,877,38,38,53,Low
17,89,5,99,73,103,12,241,69,67,38,High
5,43,7,14,169,141,7,825,37,44,26,Low
81,34,8,87,451,94,9,4,65,74,31,High
96,44,4,50,56,80,3,712,82,94,2,Critical
95,52,3,56,424,11,11,369,77,87,38,High
67,85,4,98,464,38,10,764,67,87,60,High
53,89,5,35,253,229,4,523,53,53,41,Moderate
77,27,4,35,336,292,2,664,74,72,12,High
70,61,4,27,366,193,11,307,68,62,35,High
27,62,6,49,85,205,10,902,63,56,21,High
93,74,8,36,298,64,6,913,49,59,36,Moderate
20,62,8,40,365,132,8,505,33,36,48,Low
91,66,7,6,268,278,6,916,58,57,22,Moderate
27,21,6,52,99,4,5,686,55,57,12,Moderate
63,39,10,84,54,252,5,921,69,82,0,High
49,77,9,25,406,77,1,128,18,21,54,Low
54,39,10,23,493,173,11,505,36,28,39,Low
70,71,9,25,356,289,2,416,40,35,35,Moderate
40,4,6,80,282,182,10,563,77,79,9,High
99,94,6,95,293,2,8,377,69,86,46,High
35,23,6,42,20,100,4,839,61,56,1,High
5,66,10,55,407,162,4,298,19,16,55,Low
87,79,4,89,393,222,5,393,78,100,41,High
98,50,3,96,273,5,6,171,88,100,25,Critical
80,87,5,59,152,199,9,945,76,71,27,High
0,86,6,84,168,272,6,566,54,55,41,Moderate
88,29,6,52,213,231,10,478,85,93,3,Critical
59,46,3,28,43,52,5,770,70,84,10,High
49,9,9,46,373,148,12,680,55,54,18,Moderate
52,8,5,94,446,265,4,755,78,79,18,High
43,79,10,30,488,173,2,84,16,14,59,Low
31,81,9,60,17,133,8,276,48,46,26,Moderate
92,67,7,28,448,203,12,107,60,62,39,High
4,100,3,27,353,58,9,517,36,45,70,Low
83,31,6,31,388,75,7,326,59,66,25,Moderate
26,79,8,26,330,129,7,972,28,23,52,Low
64,12,9,61,443,34,7,128,48,40,27,Moderate
98,11,4,100,393,202,5,972,97,100,9,Critical
36,19,6,99,330,267,1,314,69,77,17,High
7,30,4,100,491,282,4,386,64,78,40,High
51,39,9,17,434,253,10,388,43,49,32,Moderate
66,37,10,6,39,98,4,918,42,46,3,Moderate
28,30,6,91,48,45,5,501,67,72,10,High
46,1,5,78,81,274,8,47,93,86,0,Critical
47,23,6,26,59,24,4,752,56,67,5,Moderate
5,89,4,1,474,8,4,529,14,21,77,Low
4,66,4,43,411,212,11,231,50,56,53,Moderate
2,9,3,44,38,166,7,328,73,69,0,High
85,7,6,56,393,2,8,717,68,61,18,High
94,83,4,81,473,114,3,379,66,85,52,High
75,0,9,42,80,243,1,961,67,61,0,High
65,62,7,37,79,202,10,675,67,61,13,High
45,50,10,4,488,57,2,264,10,0,50,Low
19,54,8,84,288,66,3,982,39,52,41,Low
7,30,3,67,438,229,11,282,68,66,38,High
7,50,7,57,193,267,2,455,46,47,26,Moderate
62,89,5,80,349,119,1,860,54,52,51,Moderate
81,0,6,1,351,230,2,604,60,53,3,High
46,11,7,30,319,10,11,914,52,52,21,Moderate
27,31,3,14,204,284,9,315,70,74,14,High
